Sample in Buffer,Sample in Window,TRIGGER,receiver_top_i/adc_if/probe0,receiver_top_i/adc_if/jesd204_0_m_axis_rx_TDATA[127:0],receiver_top_i/adc_if/probe2[15:0],receiver_top_i/adc_if/jesd204_0_m_axis_rx_TVALID,receiver_top_i/adc_if/probe4,receiver_top_i/adc_if/probe5,receiver_top_i/adc_if/probe6[15:0],receiver_top_i/adc_if/probe7,receiver_top_i/adc_if/probe8
0,0,1,0,adb1a4af000000006b36cff507edf813,0000,1,0,0,0000,0,0
1,1,0,0,aaa8afac000000005b92e9bb05ecfa14,0000,1,0,0,0000,0,0
2,2,0,0,b1b2b1b3000000002b1a0a3a03ecfd15,0000,1,0,0,0000,0,0
3,3,0,0,a8b1a8b60000000001d5428601ebff15,0000,1,0,0,0000,0,0
4,4,0,0,b0adacaf00000000cde27399feeb0115,0000,1,0,0,0000,0,0
5,5,0,0,adaca9ae00000000a50fb575fcec0315,0000,1,0,0,0000,0,0
6,6,0,0,b1b1a8aa000000008d7fdf0ffaec0515,0000,1,0,0,0000,0,0
7,7,0,0,aaabadb0000000008f24fd77f8ed0714,0000,1,0,0,0000,0,0
8,8,0,0,b5b6b2b4000000009dfc12a5f6ed0a13,0000,1,0,0,0000,0,0
9,9,0,0,a4afaaad00000000bd1ef8a5f4ef0b12,0000,1,0,0,0000,0,0
10,10,0,0,a7a9b5af000000000d59bf7af3f00d11,0000,1,0,0,0000,0,0
11,11,0,0,b0aab2a8000000007bdf5f0ff1f10f10,0000,1,0,0,0000,0,0
12,12,0,0,aeaeb1b2000000001784e57cf0f3100e,0000,1,0,0,0000,0,0
13,13,0,0,adaaa9b400000000ea4325cdeef5120c,0000,1,0,0,0000,0,0
14,14,0,0,b5b1a9a700000000ed3a40fbedf7130a,0000,1,0,0,0000,0,0
15,15,0,0,afabb0ae000000000b382507edf91409,0000,1,0,0,0000,0,0
16,16,0,0,b0b6abb200000000745cd7f1ecfb1406,0000,1,0,0,0000,0,0
17,17,0,0,b5b0b3b000000000068955e2ecfd1504,0000,1,0,0,0000,0,0
18,18,0,0,b3abb3b100000000d6c696b8ebff1502,0000,1,0,0,0000,0,0
19,19,0,0,b0b1abb100000000e5049490eb021500,0000,1,0,0,0000,0,0
20,20,0,0,afa4acb5000000002f2b606fec0415fe,0000,1,0,0,0000,0,0
21,21,0,0,b0abaeb200000000a64ff045ec0614fc,0000,1,0,0,0000,0,0
22,22,0,0,afabaaa80000000057724c2bed0814fa,0000,1,0,0,0000,0,0
23,23,0,0,a9afafb0000000004c6a761eee0a13f8,0000,1,0,0,0000,0,0
24,24,0,0,adafb0b00000000070515a35ef0c12f6,0000,1,0,0,0000,0,0
25,25,0,0,aeb0b4a300000000ba181d65f00e11f4,0000,1,0,0,0000,0,0
26,26,0,0,afa9afb0000000003eb0a9bbf20f0ff2,0000,1,0,0,0000,0,0
27,27,0,0,b09fabac00000000f1290c3df3110ef1,0000,1,0,0,0000,0,0
28,28,0,0,b2adb2b100000000c8694ee0f5120cef,0000,1,0,0,0000,0,0
29,29,0,0,b1adb7af00000000b37b74b3f7130aee,0000,1,0,0,0000,0,0
30,30,0,0,abafafb200000000d64f7ca2f91408ed,0000,1,0,0,0000,0,0
31,31,0,0,aeaeafad00000000e60270e4fb1506ec,0000,1,0,0,0000,0,0
32,32,0,0,aeb1b2ac0000000014674a52fe1504ec,0000,1,0,0,0000,0,0
33,33,0,0,aaacadae0000000052a324f6001502eb,0000,1,0,0,0000,0,0
34,34,0,0,adaeb0b3000000008b84facd0215ffeb,0000,1,0,0,0000,0,0
35,35,0,0,acb3a8b100000000ad48d2ed0415fdeb,0000,1,0,0,0000,0,0
36,36,0,0,b7acadad00000000e5dbb23b0614fbec,0000,1,0,0,0000,0,0
37,37,0,0,b8b3b2b600000000022398ca0914f9ec,0000,1,0,0,0000,0,0
38,38,0,0,a7aeb1b200000000f8399e830a13f7ed,0000,1,0,0,0000,0,0
39,39,0,0,abb5a9b300000000c716b78f0c12f5ee,0000,1,0,0,0000,0,0
40,40,0,0,b0a8acaf0000000091c8f1ae0e10f3ef,0000,1,0,0,0000,0,0
41,41,0,0,aaadb8b000000000145e4210100ff2f1,0000,1,0,0,0000,0,0
42,42,0,0,b1b2acb10000000086b9ca9c110df0f2,0000,1,0,0,0000,0,0
43,43,0,0,a9afb2aa00000000aff48151120beff4,0000,1,0,0,0000,0,0
44,44,0,0,aeaeaca700000000ca01622c130aeef6,0000,1,0,0,0000,0,0
45,45,0,0,b1b2b2b400000000810f76211408edf8,0000,1,0,0,0000,0,0
46,46,0,0,a8b1aead000000001d06b33f1506ecfa,0000,1,0,0,0000,0,0
47,47,0,0,abb1a8ac000000007ae4385d1503ecfc,0000,1,0,0,0000,0,0
48,48,0,0,b1b3a8ac00000000a3b0dfa21501ebfe,0000,1,0,0,0000,0,0
49,49,0,0,acb2b1b300000000838cd6db15ffeb00,0000,1,0,0,0000,0,0
50,50,0,0,acb4aeab00000000335af10b15fdeb03,0000,1,0,0,0000,0,0
51,51,0,0,aeabb0ae00000000ad35673714fbec05,0000,1,0,0,0000,0,0
52,52,0,0,b6b0b4ab00000000e520ee5813f9ec07,0000,1,0,0,0000,0,0
53,53,0,0,abb1a9ae00000000e533ca6d12f7ed09,0000,1,0,0,0000,0,0
54,54,0,0,afb5abb500000000bf40cc5911f5ee0b,0000,1,0,0,0000,0,0
55,55,0,0,b5b1a6ab000000006b9a103510f3f00d,0000,1,0,0,0000,0,0
56,56,0,0,afaeafaf00000000dc0670ee0ef2f10e,0000,1,0,0,0000,0,0
57,57,0,0,aca5aaae000000003b8d196a0df0f310,0000,1,0,0,0000,0,0
58,58,0,0,a3b1a4aa000000007c40d3c90beff411,0000,1,0,0,0000,0,0
59,59,0,0,abaeb1ad000000008023b5fa09eef612,0000,1,0,0,0000,0,0
60,60,0,0,b0aeada5000000007b41afe607edf813,0000,1,0,0,0000,0,0
61,61,0,0,b1aab5b1000000007391cda205ecfa14,0000,1,0,0,0000,0,0
62,62,0,0,a9abb4b0000000004723fb4003ecfc15,0000,1,0,0,0000,0,0
63,63,0,0,b6b1b3ae0000000012da2b8e01ebff15,0000,1,0,0,0000,0,0
64,64,0,0,9fb5b9b20000000001d074a4ffeb0115,0000,1,0,0,0000,0,0
65,65,0,0,b0bab4af00000000d304a66dfcec0315,0000,1,0,0,0000,0,0
66,66,0,0,acafada7000000009970c01bfaec0515,0000,1,0,0,0000,0,0
67,67,0,0,b6b0b9b000000000a31ceb83f8ed0714,0000,1,0,0,0000,0,0
68,68,0,0,a5b1b4b000000000b900f4b6f6ee0913,0000,1,0,0,0000,0,0
69,69,0,0,b1acaeb100000000d702e5b2f4ef0b12,0000,1,0,0,0000,0,0
70,70,0,0,b1b0b1af000000002d49a185f3f00d11,0000,1,0,0,0000,0,0
71,71,0,0,b3a7adb60000000094c94f1df1f10f10,0000,1,0,0,0000,0,0
72,72,0,0,b6b39eab000000002670cb8ef0f3100e,0000,1,0,0,0000,0,0
73,73,0,0,adaeaaaa00000000f53c1ce0eef5120c,0000,1,0,0,0000,0,0
74,74,0,0,afb5acac00000000ee2e410fedf7130b,0000,1,0,0,0000,0,0
75,75,0,0,a5afaeb00000000011362f0eedf91409,0000,1,0,0,0000,0,0
76,76,0,0,aca8b0ac00000000714fd012ecfb1407,0000,1,0,0,0000,0,0
77,77,0,0,a9a9abad00000000077c49ffecfd1504,0000,1,0,0,0000,0,0
78,78,0,0,b1aea6aa00000000dfa295ccebff1502,0000,1,0,0,0000,0,0
79,79,0,0,a8b0afa900000000dee691aaeb011500,0000,1,0,0,0000,0,0
80,80,0,0,adabaeb20000000012186273ec0415fe,0000,1,0,0,0000,0,0
81,81,0,0,aba5a9b1000000009f41f64dec0614fc,0000,1,0,0,0000,0,0
82,82,0,0,afaeb1ad0000000047535e44ed0814fa,0000,1,0,0,0000,0,0
83,83,0,0,afaaabaa00000000395c7e3aee0a13f8,0000,1,0,0,0000,0,0
84,84,0,0,aaa8acaf000000005d496549ef0c12f6,0000,1,0,0,0000,0,0
85,85,0,0,b4b2b7ae00000000b404316bf00e11f4,0000,1,0,0,0000,0,0
86,86,0,0,a6aaa7ab000000002f99cacef20f0ff2,0000,1,0,0,0000,0,0
87,87,0,0,acacb0b100000000dc1c2245f3110ef1,0000,1,0,0,0000,0,0
88,88,0,0,aeb1aea600000000a6505feef5120cef,0000,1,0,0,0000,0,0
89,89,0,0,a6b1aca700000000aa678baff7130aee,0000,1,0,0,0000,0,0
90,90,0,0,a7abadac00000000b15889baf91408ed,0000,1,0,0,0000,0,0
91,91,0,0,b4a4b5ae00000000d8f181e8fb1406ec,0000,1,0,0,0000,0,0
92,92,0,0,aea6abb70000000015626654fe1504ec,0000,1,0,0,0000,0,0
93,93,0,0,adb1b4b20000000043a03302001502ec,0000,1,0,0,0000,0,0
94,94,0,0,adacaeab0000000073841ace021500eb,0000,1,0,0,0000,0,0
95,95,0,0,b0aaacae00000000b154e5ea0415fdeb,0000,1,0,0,0000,0,0
96,96,0,0,acafaab000000000c1ccbe3a0614fbec,0000,1,0,0,0000,0,0
97,97,0,0,acb3a9b200000000dc28a3b60814f9ec,0000,1,0,0,0000,0,0
98,98,0,0,a9aeacb000000000d948ae820a13f7ed,0000,1,0,0,0000,0,0
99,99,0,0,b4b0afae00000000c01bc2750c12f5ee,0000,1,0,0,0000,0,0
100,100,0,0,a8b0b4b30000000075d5099e0e10f4ef,0000,1,0,0,0000,0,0
101,101,0,0,acb2b1af00000000115f5afb100ff2f0,0000,1,0,0,0000,0,0
102,102,0,0,aeaaabae0000000069c5ec92110df0f2,0000,1,0,0,0000,0,0
103,103,0,0,b1acb4b400000000a50a9750120ceff4,0000,1,0,0,0000,0,0
104,104,0,0,b4b1afaf00000000ae2a661f130aeef6,0000,1,0,0,0000,0,0
105,105,0,0,adafa8b300000000821a811f1408edf8,0000,1,0,0,0000,0,0
106,106,0,0,b3abafae000000002111c21e1506ecfa,0000,1,0,0,0000,0,0
107,107,0,0,afa9a9ad0000000076f038481503ecfc,0000,1,0,0,0000,0,0
108,108,0,0,aeb7acaf000000009dbef4741501ebfe,0000,1,0,0,0000,0,0
109,109,0,0,acb3a9ac0000000092a2d7b115ffeb00,0000,1,0,0,0000,0,0
110,110,0,0,a6aaadad00000000367afcec15fdeb02,0000,1,0,0,0000,0,0
111,111,0,0,ada6aeaf00000000ba5a522314fbec05,0000,1,0,0,0000,0,0
112,112,0,0,aeabaab300000000f940e94a13f9ec07,0000,1,0,0,0000,0,0
113,113,0,0,adb3afaf00000000fc4fc34d12f7ed09,0000,1,0,0,0000,0,0
114,114,0,0,b1b0a8b000000000d065c84111f5ee0b,0000,1,0,0,0000,0,0
115,115,0,0,aeb5a8b00000000078b1f31710f3ef0d,0000,1,0,0,0000,0,0
116,116,0,0,b6afadb500000000fd1168d40ef2f10e,0000,1,0,0,0000,0,0
117,117,0,0,b1b3b8b6000000005097fa660df0f210,0000,1,0,0,0000,0,0
118,118,0,0,a9b3b1b8000000008859b5b80beff411,0000,1,0,0,0000,0,0
119,119,0,0,bdafb5aa00000000aa3298ea09eef612,0000,1,0,0,0000,0,0
120,120,0,0,b1b3afb800000000a75eaae007edf813,0000,1,0,0,0000,0,0
121,121,0,0,acb9b0b1000000008b9bb8a505ecfa14,0000,1,0,0,0000,0,0
122,122,0,0,b3aaafb1000000007029ee2e03ecfc15,0000,1,0,0,0000,0,0
123,123,0,0,afb4b2b3000000002fdf1c7f01ebff15,0000,1,0,0,0000,0,0
124,124,0,0,b2b3afac00000000f9d9409afeeb0115,0000,1,0,0,0000,0,0
125,125,0,0,b1afaab300000000e00f7c72fcec0315,0000,1,0,0,0000,0,0
126,126,0,0,abb6acb100000000c371c01ffaec0515,0000,1,0,0,0000,0,0
127,127,0,0,b0b3a2ba00000000bd1ad488f8ed0714,0000,1,0,0,0000,0,0
128,128,0,0,b0b0acb100000000cceed9cdf6ed0913,0000,1,0,0,0000,0,0
129,129,0,0,b6aeaaaf00000000f1efc6b6f4ee0b12,0000,1,0,0,0000,0,0
130,130,0,0,aaada7ad00000000244b958cf3f00d11,0000,1,0,0,0000,0,0
131,131,0,0,b4b1b5b500000000a1b93c21f1f10f10,0000,1,0,0,0000,0,0
132,132,0,0,afadafb2000000003247bbacf0f3100e,0000,1,0,0,0000,0,0
133,133,0,0,b1aba9b300000000011f1efceff5120c,0000,1,0,0,0000,0,0
134,134,0,0,b4abb3b400000000ec073129edf7130b,0000,1,0,0,0000,0,0
135,135,0,0,b4b3aeba000000001d101a26edf91409,0000,1,0,0,0000,0,0
136,136,0,0,b0b6b0b200000000821fcb2eecfb1407,0000,1,0,0,0000,0,0
137,137,0,0,adb3aeba000000000453530aecfd1505,0000,1,0,0,0000,0,0
138,138,0,0,b5a8abad00000000d48897e7ebff1502,0000,1,0,0,0000,0,0
139,139,0,0,aeafadb400000000ddcb93bdeb011500,0000,1,0,0,0000,0,0
140,140,0,0,aeb1b0b5000000001c035d85ec0415fe,0000,1,0,0,0000,0,0
141,141,0,0,acb1b3b5000000009a22ff6aec0614fc,0000,1,0,0,0000,0,0
142,142,0,0,b2b3b5b10000000046396348ed0814fa,0000,1,0,0,0000,0,0
143,143,0,0,b1b2adaf0000000031418049ee0a13f8,0000,1,0,0,0000,0,0
144,144,0,0,afabb5af0000000054367252ef0c12f6,0000,1,0,0,0000,0,0
145,145,0,0,acb8b9ae0000000096eb3e85f00d11f4,0000,1,0,0,0000,0,0
146,146,0,0,acacafab000000001992d3d7f20f0ff2,0000,1,0,0,0000,0,0
147,147,0,0,abaaa7ae00000000c50e426ff3110ef1,0000,1,0,0,0000,0,0
148,148,0,0,b7b3b1b200000000a74d7df7f5120cef,0000,1,0,0,0000,0,0
149,149,0,0,b1b4b3b6000000009960a5bdf7130aee,0000,1,0,0,0000,0,0
150,150,0,0,acaaacb6000000009c45b0bef91408ed,0000,1,0,0,0000,0,0
151,151,0,0,b1acada900000000bfeda6f5fb1406ec,0000,1,0,0,0000,0,0
152,152,0,0,b5acaab000000000f3507357fd1504ec,0000,1,0,0,0000,0,0
153,153,0,0,b1b1b3af0000000030954d00001502ec,0000,1,0,0,0000,0,0
154,154,0,0,b5b5b1ac00000000618928d3021500eb,0000,1,0,0,0000,0,0
155,155,0,0,b1b2afb2000000008551fbf20415fdeb,0000,1,0,0,0000,0,0
156,156,0,0,adafa9ae00000000bde0db360614fbec,0000,1,0,0,0000,0,0
157,157,0,0,abb0abac00000000bc3bcdb20814f9ec,0000,1,0,0,0000,0,0
158,158,0,0,acacaaa800000000c449c3780a13f7ed,0000,1,0,0,0000,0,0
159,159,0,0,acb5adb300000000af36d8740c12f5ee,0000,1,0,0,0000,0,0
160,160,0,0,afabb1ab000000005ee70e990e10f4ef,0000,1,0,0,0000,0,0
161,161,0,0,aba6b4b000000000007b75f1100ff2f0,0000,1,0,0,0000,0,0
162,162,0,0,afaaacb3000000005fe4f569110df0f2,0000,1,0,0,0000,0,0
163,163,0,0,b0b5a8ac000000009c15982e120ceff4,0000,1,0,0,0000,0,0
164,164,0,0,adb5aab1000000009e3a6df3130aeef5,0000,1,0,0,0000,0,0
165,165,0,0,a9a6a9ae00000000733780fd1408edf7,0000,1,0,0,0000,0,0
166,166,0,0,a7bcadb1000000001b28cb0a1506ecfa,0000,1,0,0,0000,0,0
167,167,0,0,a8a9aeae000000006a083a321504ecfc,0000,1,0,0,0000,0,0
168,168,0,0,a8a8aeaf000000008ff0f6681501ebfe,0000,1,0,0,0000,0,0
169,169,0,0,b0afa9ab0000000082b8cca215ffeb00,0000,1,0,0,0000,0,0
170,170,0,0,b7b0b1b1000000003d94face15fdeb02,0000,1,0,0,0000,0,0
171,171,0,0,acb2a4ac00000000ba6e560514fbec05,0000,1,0,0,0000,0,0
172,172,0,0,b1a9ada300000000065fec2614f9ec07,0000,1,0,0,0000,0,0
173,173,0,0,a9b5b0af000000000452ae3013f7ed09,0000,1,0,0,0000,0,0
174,174,0,0,b1b0a7ae00000000d67ca82e11f5ee0b,0000,1,0,0,0000,0,0
175,175,0,0,b4afafb10000000093c3e31010f3ef0d,0000,1,0,0,0000,0,0
176,176,0,0,aebaabab00000000141f54c40ff2f10e,0000,1,0,0,0000,0,0
177,177,0,0,aeaaadb00000000077a1ea460df0f210,0000,1,0,0,0000,0,0
178,178,0,0,a9b0acae000000009b4fa7b70beff411,0000,1,0,0,0000,0,0
179,179,0,0,adb4abab00000000b84481e109eef612,0000,1,0,0,0000,0,0
180,180,0,0,b1a0abb400000000b7558ae207edf813,0000,1,0,0,0000,0,0
181,181,0,0,aaacafaa00000000989f909c05ecfa14,0000,1,0,0,0000,0,0
182,182,0,0,aeb5adb1000000007632bd2703ecfc15,0000,1,0,0,0000,0,0
183,183,0,0,aea5aaae000000004ee6f87701ebfe15,0000,1,0,0,0000,0,0
184,184,0,0,b4a7b4b00000000024da33a3ffeb0115,0000,1,0,0,0000,0,0
185,185,0,0,b3b2b8a900000000fe046f75fcec0315,0000,1,0,0,0000,0,0
186,186,0,0,adadadad00000000e2749731faec0515,0000,1,0,0,0000,0,0
187,187,0,0,b2a5b1b000000000d80bc297f8ed0714,0000,1,0,0,0000,0,0
188,188,0,0,a8b4b1a900000000d7dfc9cbf6ed0913,0000,1,0,0,0000,0,0
189,189,0,0,adacabaf00000000f2f2aacbf4ee0b12,0000,1,0,0,0000,0,0
190,190,0,0,aeaeada500000000463970a1f3f00d11,0000,1,0,0,0000,0,0
191,191,0,0,b6b3b5a900000000afa73047f1f10f10,0000,1,0,0,0000,0,0
192,192,0,0,b7b0b0b000000000473cb4a6f0f3100e,0000,1,0,0,0000,0,0
193,193,0,0,b0b1b6bc000000000e02fbfbeff5110c,0000,1,0,0,0000,0,0
194,194,0,0,ababafb700000000faf32034edf6130b,0000,1,0,0,0000,0,0
195,195,0,0,b8baaeb00000000022f90d4bedf81409,0000,1,0,0,0000,0,0
196,196,0,0,abaeb5aa000000007c14bf40ecfb1407,0000,1,0,0,0000,0,0
197,197,0,0,adafb2ac00000000fc483c25ebfd1505,0000,1,0,0,0000,0,0
198,198,0,0,aea7aeb300000000cd6a8e0cebff1503,0000,1,0,0,0000,0,0
199,199,0,0,9faaaead00000000e4aca2d3eb011500,0000,1,0,0,0000,0,0
200,200,0,0,a9b2aaaf000000001bd872a6ec0315fe,0000,1,0,0,0000,0,0
201,201,0,0,aeb2b3ad0000000083190586ec0615fc,0000,1,0,0,0000,0,0
202,202,0,0,afb2b1b2000000003c325d75ed0814fa,0000,1,0,0,0000,0,0
203,203,0,0,b0b7b3b6000000002a2e866dee0a13f8,0000,1,0,0,0000,0,0
204,204,0,0,b3b1a9aa000000003d237b71ef0c12f6,0000,1,0,0,0000,0,0
205,205,0,0,b5afb4b0000000008ee3419ef00d11f4,0000,1,0,0,0000,0,0
206,206,0,0,adb3afb300000000127fdaecf20f0ff2,0000,1,0,0,0000,0,0
207,207,0,0,acb6b1b500000000b2ef4a5bf3100ef1,0000,1,0,0,0000,0,0
208,208,0,0,acadaeae0000000087418b02f5120cf0,0000,1,0,0,0000,0,0
209,209,0,0,b8adb5b5000000007863abcef7130aee,0000,1,0,0,0000,0,0
210,210,0,0,b1b4b4b6000000007d49c9c5f91408ed,0000,1,0,0,0000,0,0
211,211,0,0,aeafaeb6000000008ce3ac04fb1406ed,0000,1,0,0,0000,0,0
212,212,0,0,afada8b500000000c5569163fd1504ec,0000,1,0,0,0000,0,0
213,213,0,0,a9b0acb00000000011917502001502ec,0000,1,0,0,0000,0,0
214,214,0,0,b2b3b0a9000000004d9c44da021500eb,0000,1,0,0,0000,0,0
215,215,0,0,b2ada6ab0000000078611be30415feeb,0000,1,0,0,0000,0,0
216,216,0,0,b1adb4b0000000009aec04350614fcec,0000,1,0,0,0000,0,0
217,217,0,0,b6aea9ae00000000b234e0b60814f9ec,0000,1,0,0,0000,0,0
218,218,0,0,a9b6b1b200000000a25ee3720a13f7ed,0000,1,0,0,0000,0,0
219,219,0,0,aaacadb3000000009647f7580c12f5ee,0000,1,0,0,0000,0,0
220,220,0,0,b0abb0b3000000004e0223760e11f4ef,0000,1,0,0,0000,0,0
221,221,0,0,b8b3abaf00000000ec8a87de0f0ff2f0,0000,1,0,0,0000,0,0
222,222,0,0,b3acb4b3000000004df10a6a110df1f2,0000,1,0,0,0000,0,0
223,223,0,0,aab8b0b0000000009535bb17120ceff4,0000,1,0,0,0000,0,0
224,224,0,0,adb0b0b000000000a15f7f02130aeef6,0000,1,0,0,0000,0,0
225,225,0,0,abb0acb10000000074578ce41408edf7,0000,1,0,0,0000,0,0
226,226,0,0,abb1aab1000000001239d3f71506ecf9,0000,1,0,0,0000,0,0
227,227,0,0,b3acabaa00000000672946101504ecfc,0000,1,0,0,0000,0,0
228,228,0,0,a9b0aeb1000000009dfff0461501ebfe,0000,1,0,0,0000,0,0
229,229,0,0,afaeb7b60000000090d5c78315ffeb00,0000,1,0,0,0000,0,0
230,230,0,0,b1b0abad0000000043b0edba15fdeb02,0000,1,0,0,0000,0,0
231,231,0,0,aab3abaf00000000b3924ff914fbec04,0000,1,0,0,0000,0,0
232,232,0,0,b0b2b0a8000000000881e61514f9ec07,0000,1,0,0,0000,0,0
233,233,0,0,aab2afb1000000001572ac3213f7ed09,0000,1,0,0,0000,0,0
234,234,0,0,aeacb1b200000000ee9aab1d11f5ee0b,0000,1,0,0,0000,0,0
235,235,0,0,b0afa9b10000000098d0e8fb10f3ef0c,0000,1,0,0,0000,0,0
236,236,0,0,b4a5aca800000000272f47a60ff2f10e,0000,1,0,0,0000,0,0
237,237,0,0,bcb0aeb10000000079b7d1370df0f210,0000,1,0,0,0000,0,0
238,238,0,0,aeacaeae00000000b67093980beff411,0000,1,0,0,0000,0,0
239,239,0,0,b1aeafab00000000c34b67c709eef612,0000,1,0,0,0000,0,0
240,240,0,0,b0b0a9b400000000c67077d307edf813,0000,1,0,0,0000,0,0
241,241,0,0,adb7aab200000000c2a6969605ecfa14,0000,1,0,0,0000,0,0
242,242,0,0,aca9aeac000000009238bb2803ecfc15,0000,1,0,0,0000,0,0
243,243,0,0,b2abb0b20000000071edea7f01ebfe15,0000,1,0,0,0000,0,0
244,244,0,0,abaab1b30000000040dd109bffeb0115,0000,1,0,0,0000,0,0
245,245,0,0,aba9a9a9000000000ff94584fdeb0315,0000,1,0,0,0000,0,0
246,246,0,0,aeb4afad00000000fe607c31faec0515,0000,1,0,0,0000,0,0
247,247,0,0,acb5b0aa00000000e303a29ef8ed0714,0000,1,0,0,0000,0,0
248,248,0,0,aab3afb600000000eacaaadcf6ed0913,0000,1,0,0,0000,0,0
249,249,0,0,acacafaa0000000022e7a6d8f5ee0b12,0000,1,0,0,0000,0,0
250,250,0,0,abaab8b00000000060216ab4f3f00d11,0000,1,0,0,0000,0,0
251,251,0,0,b4afa7af00000000bc9d1d51f1f10f10,0000,1,0,0,0000,0,0
252,252,0,0,aeb2adb600000000583699cdf0f3100e,0000,1,0,0,0000,0,0
253,253,0,0,acbbaaae000000001d08ee18eff5110d,0000,1,0,0,0000,0,0
254,254,0,0,abb0aebc0000000009d4134beef6130b,0000,1,0,0,0000,0,0
255,255,0,0,abaea5b5000000002fe80361edf81409,0000,1,0,0,0000,0,0
256,256,0,0,b1b6b3ae0000000088f1b65decfa1407,0000,1,0,0,0000,0,0
257,257,0,0,a4acaaad00000000142a4140ecfd1505,0000,1,0,0,0000,0,0
258,258,0,0,afaaaea800000000df5e9023ebff1503,0000,1,0,0,0000,0,0
259,259,0,0,aab3aead00000000e69196f1eb011500,0000,1,0,0,0000,0,0
260,260,0,0,aab6aaab0000000019cc76b9ec0315fe,0000,1,0,0,0000,0,0
261,261,0,0,a9b4acb20000000088f008a2ec0515fc,0000,1,0,0,0000,0,0
262,262,0,0,b3aaacaf00000000390d7289ed0814fa,0000,1,0,0,0000,0,0
263,263,0,0,abb1acb30000000027189a84ee0a13f8,0000,1,0,0,0000,0,0
264,264,0,0,a2aeadb400000000380c9388ef0c12f6,0000,1,0,0,0000,0,0
265,265,0,0,afabb2b00000000085c650b5f00d11f4,0000,1,0,0,0000,0,0
266,266,0,0,b3abb2b100000000f670ef04f10f0ff3,0000,1,0,0,0000,0,0
267,267,0,0,aeb1aab000000000a6e85779f3100ef1,0000,1,0,0,0000,0,0
268,268,0,0,b2b2adae00000000712ba210f5120cf0,0000,1,0,0,0000,0,0
269,269,0,0,b6aeabaf000000005f45cbddf7130aee,0000,1,0,0,0000,0,0
270,270,0,0,b4b8afb000000000703ae2d8f91408ed,0000,1,0,0,0000,0,0
271,271,0,0,afb0b4b00000000092e3d40cfb1406ed,0000,1,0,0,0000,0,0
272,272,0,0,acb5b3b600000000c44fb66afd1504ec,0000,1,0,0,0000,0,0
273,273,0,0,a9aea8ae00000000f891940bff1502ec,0000,1,0,0,0000,0,0
274,274,0,0,adafafb600000000309952d4021500eb,0000,1,0,0,0000,0,0
275,275,0,0,a9afabad00000000596335e40415feeb,0000,1,0,0,0000,0,0
276,276,0,0,abb0a9b5000000007def11340614fcec,0000,1,0,0,0000,0,0
277,277,0,0,acb3acad000000009743f5af0814f9ec,0000,1,0,0,0000,0,0
278,278,0,0,b3acaeae00000000a667f46a0a13f7ed,0000,1,0,0,0000,0,0
279,279,0,0,aeb3adaa000000008753074e0c12f6ee,0000,1,0,0,0000,0,0
280,280,0,0,afafb2b2000000003e0c40780e11f4ef,0000,1,0,0,0000,0,0
281,281,0,0,a9acaeb100000000ceab8acd0f0ff2f0,0000,1,0,0,0000,0,0
282,282,0,0,a4b6b3ae000000003efe125a110df1f2,0000,1,0,0,0000,0,0
283,283,0,0,abb2a0ab000000008246b508120ceff4,0000,1,0,0,0000,0,0
284,284,0,0,b5b0afb10000000083667dce130aeef5,0000,1,0,0,0000,0,0
285,285,0,0,acb3b3b400000000716096d21408edf7,0000,1,0,0,0000,0,0
286,286,0,0,adb3a9b0000000001953cee11506ecf9,0000,1,0,0,0000,0,0
287,287,0,0,a5b4afa9000000006c3b47fa1504ecfb,0000,1,0,0,0000,0,0
288,288,0,0,b1aeacb0000000009a12f1311502ebfe,0000,1,0,0,0000,0,0
289,289,0,0,adb0b4ac0000000090eade6715ffeb00,0000,1,0,0,0000,0,0
290,290,0,0,a5adb6ad0000000045c4f2a115fdeb02,0000,1,0,0,0000,0,0
291,291,0,0,aeacafaf00000000d0984bd214fbec04,0000,1,0,0,0000,0,0
292,292,0,0,b0b1b0a9000000001590d6f814f9ec06,0000,1,0,0,0000,0,0
293,293,0,0,adadb1b8000000001c919a0413f7ed09,0000,1,0,0,0000,0,0
294,294,0,0,abb5b5ae00000000ffa0aa0411f5ee0b,0000,1,0,0,0000,0,0
295,295,0,0,a9afafb400000000bcd0d1e210f3ef0c,0000,1,0,0,0000,0,0
296,296,0,0,a2b0a8a7000000002c442b980ff2f10e,0000,1,0,0,0000,0,0
297,297,0,0,acababb2000000008dccc3310df0f210,0000,1,0,0,0000,0,0
298,298,0,0,aeb5b4b500000000ce7976980beff411,0000,1,0,0,0000,0,0
299,299,0,0,b0b1adb500000000e84e60c309eef612,0000,1,0,0,0000,0,0
300,300,0,0,a5b1acb200000000ec6c57c807edf813,0000,1,0,0,0000,0,0
301,301,0,0,a9a8adaf00000000cdaa719205ecfa14,0000,1,0,0,0000,0,0
302,302,0,0,a7aaa9a700000000ac29881e03ecfc15,0000,1,0,0,0000,0,0
303,303,0,0,acaaafae000000007de6cd7501ebfe15,0000,1,0,0,0000,0,0
304,304,0,0,aeaca5b7000000004cccfa9cffeb0015,0000,1,0,0,0000,0,0
305,305,0,0,b2b1b1b20000000022063185fdec0315,0000,1,0,0,0000,0,0
306,306,0,0,aea4b2af000000000b526828fbec0515,0000,1,0,0,0000,0,0
307,307,0,0,b3afa8ae00000000fffd7596f8ec0714,0000,1,0,0,0000,0,0
308,308,0,0,aab6acb100000000fcca93e2f6ed0913,0000,1,0,0,0000,0,0
309,309,0,0,afb1aaac0000000033de83e3f5ee0b12,0000,1,0,0,0000,0,0
310,310,0,0,b3b1abae00000000681559c8f3f00d11,0000,1,0,0,0000,0,0
311,311,0,0,adb4b3ae00000000cd8afe61f1f10e10,0000,1,0,0,0000,0,0
312,312,0,0,b0b9a9a800000000661e81e1f0f3100e,0000,1,0,0,0000,0,0
313,313,0,0,adb2b1b00000000024e1dd32eff4110d,0000,1,0,0,0000,0,0
314,314,0,0,adb0aaab0000000013bc0856eef6130b,0000,1,0,0,0000,0,0
315,315,0,0,b0afb2b20000000039c0fa73edf81309,0000,1,0,0,0000,0,0
316,316,0,0,adb0adb0000000008be5b967ecfa1407,0000,1,0,0,0000,0,0
317,317,0,0,b2afaab2000000001f0e3f5aecfd1505,0000,1,0,0,0000,0,0
318,318,0,0,acb1aaad00000000db4f8033ebff1503,0000,1,0,0,0000,0,0
319,319,0,0,adacadaf00000000d9849912eb011501,0000,1,0,0,0000,0,0
320,320,0,0,aeb0afb2000000000eb870d9ec0315fe,0000,1,0,0,0000,0,0
321,321,0,0,aeafa9aa0000000085de11bcec0515fc,0000,1,0,0,0000,0,0
322,322,0,0,a7a4aead000000001dfc83a4ed0714fa,0000,1,0,0,0000,0,0
323,323,0,0,abaaaa9f000000000cf29c88ee0913f8,0000,1,0,0,0000,0,0
324,324,0,0,aaafaab8000000002ce29798ef0b12f6,0000,1,0,0,0000,0,0
325,325,0,0,b1aaacb1000000006dba6acaf00d11f4,0000,1,0,0,0000,0,0
326,326,0,0,a7a6acb300000000f45e0008f10f10f3,0000,1,0,0,0000,0,0
327,327,0,0,aab2acb0000000008dea7884f3100ef1,0000,1,0,0,0000,0,0
328,328,0,0,aab2b3b4000000005f22ba1ff5120cf0,0000,1,0,0,0000,0,0
329,329,0,0,a8b5adad000000005152e5eef7130aee,0000,1,0,0,0000,0,0
330,330,0,0,b0a5ada9000000005b29fde9f91408ed,0000,1,0,0,0000,0,0
331,331,0,0,afb2b1ab0000000083e4ea0efb1406ed,0000,1,0,0,0000,0,0
332,332,0,0,b1b0b7b000000000ae55ca74fd1504ec,0000,1,0,0,0000,0,0
333,333,0,0,abacacb100000000df8ea5fdff1502eb,0000,1,0,0,0000,0,0
334,334,0,0,adaeb1b40000000007a764dc021500eb,0000,1,0,0,0000,0,0
335,335,0,0,adb1abb3000000003a5e48dd0415feeb,0000,1,0,0,0000,0,0
336,336,0,0,a5afa9aa0000000069f32c2d0614fcec,0000,1,0,0,0000,0,0
337,337,0,0,b0a8aba90000000090481aa30814faec,0000,1,0,0,0000,0,0
338,338,0,0,a7afaeb10000000088740b5d0a13f8ed,0000,1,0,0,0000,0,0
339,339,0,0,aea9acaf000000006b522d450c12f6ee,0000,1,0,0,0000,0,0
340,340,0,0,aaadafb10000000035234e6d0e11f4ef,0000,1,0,0,0000,0,0
341,341,0,0,aeababb600000000ccb5afc00f0ff2f0,0000,1,0,0,0000,0,0
342,342,0,0,aeaaa6b2000000003616223d110ef1f2,0000,1,0,0,0000,0,0
343,343,0,0,abaaaea8000000006e5bbafb120ceff3,0000,1,0,0,0000,0,0
344,344,0,0,aca9adaf00000000897ba0c4130aeef5,0000,1,0,0,0000,0,0
345,345,0,0,abb5adae000000005e73a4b61408edf7,0000,1,0,0,0000,0,0
346,346,0,0,b0b2b0b100000000066eebbf1506ecf9,0000,1,0,0,0000,0,0
347,347,0,0,acacb0af0000000066514eed1504ecfb,0000,1,0,0,0000,0,0
348,348,0,0,aab2acab000000009c29f2231502ebfe,0000,1,0,0,0000,0,0
349,349,0,0,aeaea9af000000008d0dd5561500eb00,0000,1,0,0,0000,0,0
350,350,0,0,adaeb2ae000000003cdaf4a015fdeb02,0000,1,0,0,0000,0,0
351,351,0,0,b1aeaea700000000d1b341c414fbec04,0000,1,0,0,0000,0,0
352,352,0,0,aeaca8b0000000001ca8d2e514f9ec06,0000,1,0,0,0000,0,0
353,353,0,0,afadaeb1000000002d9898eb13f7ed08,0000,1,0,0,0000,0,0
354,354,0,0,aeafadab000000000eaf8de812f5ee0a,0000,1,0,0,0000,0,0
355,355,0,0,b0b0abb400000000b9f2bccb10f3ef0c,0000,1,0,0,0000,0,0
356,356,0,0,b2abacb000000000474f27870ff2f10e,0000,1,0,0,0000,0,0
357,357,0,0,b1b0b0b2000000009dd5a80f0df0f210,0000,1,0,0,0000,0,0
358,358,0,0,b2aeabaa00000000e57a61830beff411,0000,1,0,0,0000,0,0
359,359,0,0,adaaa8ad00000000f6683abb09eef612,0000,1,0,0,0000,0,0
360,360,0,0,b0ada8ac00000000f87335b507edf813,0000,1,0,0,0000,0,0
361,361,0,0,acaeadb700000000e9b5637b05ecfa14,0000,1,0,0,0000,0,0
362,362,0,0,acaaacb000000000ca39821f03ecfc15,0000,1,0,0,0000,0,0
363,363,0,0,afafaca800000000a0e5a96d01ebfe15,0000,1,0,0,0000,0,0
364,364,0,0,b3aaacaf0000000067d8ea94ffeb0015,0000,1,0,0,0000,0,0
365,365,0,0,b0b1aeb1000000003ff42185fdeb0315,0000,1,0,0,0000,0,0
366,366,0,0,acadabb2000000001f5b4a32fbec0515,0000,1,0,0,0000,0,0
367,367,0,0,afa9a6b30000000018f973aef9ec0714,0000,1,0,0,0000,0,0
368,368,0,0,b0b1afae0000000017be77ecf7ed0913,0000,1,0,0,0000,0,0
369,369,0,0,abb0b1a70000000041ca6af5f5ee0b12,0000,1,0,0,0000,0,0
370,370,0,0,b2afacaf000000009bff48cbf3ef0d11,0000,1,0,0,0000,0,0
371,371,0,0,abaeabb000000000e6750573f1f10f10,0000,1,0,0,0000,0,0
372,372,0,0,abb09ea400000000811172f7f0f3100e,0000,1,0,0,0000,0,0
373,373,0,0,b8aaa9ad0000000026d0db50eff4110d,0000,1,0,0,0000,0,0
374,374,0,0,afb0acaf0000000015ac0174eef6130b,0000,1,0,0,0000,0,0
375,375,0,0,aeabaea90000000035a8f18bedf81309,0000,1,0,0,0000,0,0
376,376,0,0,aeb5acaa000000009fcfae89ecfa1407,0000,1,0,0,0000,0,0
377,377,0,0,a79facb30000000022ea3478ecfc1505,0000,1,0,0,0000,0,0
378,378,0,0,acacaab400000000d7298750ebff1503,0000,1,0,0,0000,0,0
379,379,0,0,a9abaaae00000000dc6c9230eb011501,0000,1,0,0,0000,0,0
380,380,0,0,aeb7aaa9000000000e9a7dfaec0315fe,0000,1,0,0,0000,0,0
381,381,0,0,ababafb90000000085c615d5ec0515fc,0000,1,0,0,0000,0,0
382,382,0,0,b7aea8ac000000001ee376c0ed0714fa,0000,1,0,0,0000,0,0
383,383,0,0,a6a4a8ae0000000000e8aea9ee0913f8,0000,1,0,0,0000,0,0
384,384,0,0,a3afa8aa0000000018d4a8b0ef0b12f6,0000,1,0,0,0000,0,0
385,385,0,0,b0acaaaa0000000051a86fdff00d11f4,0000,1,0,0,0000,0,0
386,386,0,0,ada3aba900000000da460e2af10f10f3,0000,1,0,0,0000,0,0
387,387,0,0,aeb1aead000000007ecf7e96f3100ef1,0000,1,0,0,0000,0,0
388,388,0,0,afaaa0a8000000005a1fc430f5120cf0,0000,1,0,0,0000,0,0
389,389,0,0,a9adaaae000000002e3cf6f3f7130aee,0000,1,0,0,0000,0,0
390,390,0,0,abafb1af00000000332a04e8f91409ed,0000,1,0,0,0000,0,0
391,391,0,0,aaafa9a80000000056d9071bfb1407ed,0000,1,0,0,0000,0,0
392,392,0,0,aeb4aeb1000000008b4fe678fd1504ec,0000,1,0,0,0000,0,0
393,393,0,0,acaeafb100000000bd96b903ff1502ec,0000,1,0,0,0000,0,0
394,394,0,0,ababa7aa00000000f9a384e0011500eb,0000,1,0,0,0000,0,0
395,395,0,0,a8a6b0b10000000024625ee10415feeb,0000,1,0,0,0000,0,0
396,396,0,0,b0a2a8a90000000063fa44200614fcec,0000,1,0,0,0000,0,0
397,397,0,0,a8adaca90000000073563a9c0814faec,0000,1,0,0,0000,0,0
398,398,0,0,adaab1ab00000000776c244c0a13f8ed,0000,1,0,0,0000,0,0
399,399,0,0,afacafab000000004775403a0c12f6ee,0000,1,0,0,0000,0,0
400,400,0,0,aaa9afac000000000b2f64660e11f4ef,0000,1,0,0,0000,0,0
401,401,0,0,a9a3a8ab00000000b4cabbb40f0ff2f0,0000,1,0,0,0000,0,0
402,402,0,0,aeb1a9a9000000001c2b391f110ef1f2,0000,1,0,0,0000,0,0
403,403,0,0,aab0abb0000000006c72dbe4120ceff3,0000,1,0,0,0000,0,0
404,404,0,0,acaab2ac000000007496a5a5130aeef5,0000,1,0,0,0000,0,0
405,405,0,0,acadaeae000000005699a9961408edf7,0000,1,0,0,0000,0,0
406,406,0,0,b3adabab00000000f28be3b41406ecf9,0000,1,0,0,0000,0,0
407,407,0,0,a8b3a7b400000000716c56c31504ecfb,0000,1,0,0,0000,0,0
408,408,0,0,a3b4a9ae00000000a04807061502ecfe,0000,1,0,0,0000,0,0
409,409,0,0,b0b1acac000000009413d83c1500eb00,0000,1,0,0,0000,0,0
410,410,0,0,a8aeb4a00000000049f2ef6d15fdeb02,0000,1,0,0,0000,0,0
411,411,0,0,a3aab0ab00000000dbc745a514fbec04,0000,1,0,0,0000,0,0
412,412,0,0,aeaca7ac0000000021b3cecd14f9ec06,0000,1,0,0,0000,0,0
413,413,0,0,aaa9b1ad0000000039b08cdc13f7ed08,0000,1,0,0,0000,0,0
414,414,0,0,abadb2b20000000020cc86cc12f5ee0a,0000,1,0,0,0000,0,0
415,415,0,0,a8b0b7a800000000da0ab0af10f4ef0c,0000,1,0,0,0000,0,0
416,416,0,0,b0a7a8b3000000005b5a06740ff2f10e,0000,1,0,0,0000,0,0
417,417,0,0,b1afaeb100000000b8e69c0a0df0f210,0000,1,0,0,0000,0,0
418,418,0,0,aaaeafae00000000f78d54700beff411,0000,1,0,0,0000,0,0
419,419,0,0,a8ada8ac0000000014782ea90aeef612,0000,1,0,0,0000,0,0
420,420,0,0,adacaaaa0000000017892eb008edf813,0000,1,0,0,0000,0,0
421,421,0,0,a9b1adb3000000000ec93f8906ecfa14,0000,1,0,0,0000,0,0
422,422,0,0,a3b1aaad00000000ed2e641803ecfc15,0000,1,0,0,0000,0,0
423,423,0,0,acadaab400000000b4e39d7201ebfe15,0000,1,0,0,0000,0,0
424,424,0,0,aeb1b1a60000000078cebe9effeb0015,0000,1,0,0,0000,0,0
425,425,0,0,b1b4afa90000000050f3078efdeb0315,0000,1,0,0,0000,0,0
426,426,0,0,aaaeaaa5000000003a4b3338fbec0515,0000,1,0,0,0000,0,0
427,427,0,0,b3aaabb20000000027e65facf9ec0714,0000,1,0,0,0000,0,0
428,428,0,0,aeb4aaa8000000003fb66cf4f7ed0913,0000,1,0,0,0000,0,0
429,429,0,0,b4b1afad000000005aba6e03f5ee0b13,0000,1,0,0,0000,0,0
430,430,0,0,acb2b1ab0000000095fc2be4f3ef0d11,0000,1,0,0,0000,0,0
431,431,0,0,aeacabae000000000868e082f2f10e10,0000,1,0,0,0000,0,0
432,432,0,0,b0a5a9ac0000000080f36c06f0f2100f,0000,1,0,0,0000,0,0
433,433,0,0,abaca7b1000000004cb5c05deff4110d,0000,1,0,0,0000,0,0
434,434,0,0,a6b5afb30000000023a3fa97eef6120b,0000,1,0,0,0000,0,0
435,435,0,0,b4a7adb000000000469dec9fedf81309,0000,1,0,0,0000,0,0
436,436,0,0,b4b9aeae00000000a5aca4a5ecfa1407,0000,1,0,0,0000,0,0
437,437,0,0,b1b1afaf0000000025e93287ecfc1505,0000,1,0,0,0000,0,0
438,438,0,0,afb0adac00000000e3099160ebff1503,0000,1,0,0,0000,0,0
439,439,0,0,b4b4b2af00000000cf469a48eb011501,0000,1,0,0,0000,0,0
440,440,0,0,abaab5b00000000009867313ec0315ff,0000,1,0,0,0000,0,0
441,441,0,0,b3b2aeb00000000076b61ef5ec0515fc,0000,1,0,0,0000,0,0
442,442,0,0,aeaab5ae000000001bc18cc7ed0714fa,0000,1,0,0,0000,0,0
443,443,0,0,9eb6b3ab00000000fedabab7ed0913f8,0000,1,0,0,0000,0,0
444,444,0,0,b4aab2b0000000000bcfb4c5ef0b12f6,0000,1,0,0,0000,0,0
445,445,0,0,b1afafab0000000048857ceef00d11f4,0000,1,0,0,0000,0,0
446,446,0,0,aeabb4ae00000000c5391b49f10f10f3,0000,1,0,0,0000,0,0
447,447,0,0,acaea8b2000000006cc39aabf3100ef1,0000,1,0,0,0000,0,0
448,448,0,0,b2b2a4b000000000401ae647f5120cf0,0000,1,0,0,0000,0,0
449,449,0,0,b9acafb100000000192a1010f7130bef,0000,1,0,0,0000,0,0
450,450,0,0,a6aaa6ac000000002c1a24faf91409ed,0000,1,0,0,0000,0,0
451,451,0,0,afa9b0b10000000048d01927fb1407ed,0000,1,0,0,0000,0,0
452,452,0,0,b2b7b3b4000000006a50f873fd1504ec,0000,1,0,0,0000,0,0
453,453,0,0,afb1a7b400000000af96d611ff1502ec,0000,1,0,0,0000,0,0
454,454,0,0,ada7a8b400000000d794a6e6011500eb,0000,1,0,0,0000,0,0
455,455,0,0,b1abb3aa00000000176d6fe70415feeb,0000,1,0,0,0000,0,0
456,456,0,0,acaea8b10000000046005f200615fcec,0000,1,0,0,0000,0,0
457,457,0,0,aeb2afb4000000005d5942970814faec,0000,1,0,0,0000,0,0
458,458,0,0,abaeb0af000000005e8b3b4f0a13f8ed,0000,1,0,0,0000,0,0
459,459,0,0,aeb0b0ab00000000387a4d360c12f6ee,0000,1,0,0,0000,0,0
460,460,0,0,b5b0adb300000000fd36754a0d11f4ef,0000,1,0,0,0000,0,0
461,461,0,0,b3b0b7b500000000a5d8c69d0f0ff2f0,0000,1,0,0,0000,0,0
462,462,0,0,adb5afb1000000000e334317110ef1f2,0000,1,0,0,0000,0,0
463,463,0,0,a7afb3b5000000005579dfb4120ceff3,0000,1,0,0,0000,0,0
464,464,0,0,b2adacae0000000071a0b789130aeef5,0000,1,0,0,0000,0,0
465,465,0,0,b1b4b0ac0000000051adbd9a1408edf7,0000,1,0,0,0000,0,0
466,466,0,0,b2b2b3b100000000eea7f79e1406ecf9,0000,1,0,0,0000,0,0
467,467,0,0,b1adb2b4000000006d895bbb1504ecfb,0000,1,0,0,0000,0,0
468,468,0,0,b2b1b0b200000000996700e21502ecfd,0000,1,0,0,0000,0,0
469,469,0,0,b4beb5b5000000008e2bd4191500eb00,0000,1,0,0,0000,0,0
470,470,0,0,aeb9b9b00000000050fde35315fdeb02,0000,1,0,0,0000,0,0
471,471,0,0,b1a9abad00000000dcdb368c14fbec04,0000,1,0,0,0000,0,0
472,472,0,0,b5b8afb5000000002bc1c7b014f9ec06,0000,1,0,0,0000,0,0
473,473,0,0,aeb6b1bb0000000033d187cc13f7ed08,0000,1,0,0,0000,0,0
474,474,0,0,b1b1aeb50000000014ea72c912f5ee0a,0000,1,0,0,0000,0,0
475,475,0,0,babdb0b400000000d91a96ae10f4ef0c,0000,1,0,0,0000,0,0
476,476,0,0,b1afb0b5000000006c78fa5b0ff2f00e,0000,1,0,0,0000,0,0
477,477,0,0,b5b9b4b100000000cbf98cf70df0f20f,0000,1,0,0,0000,0,0
478,478,0,0,b5a7b0ae000000000f9e3e620ceff411,0000,1,0,0,0000,0,0
479,479,0,0,abadb2b8000000002e861d9d0aeef612,0000,1,0,0,0000,0,0
480,480,0,0,b1b7adb500000000278c06a508edf813,0000,1,0,0,0000,0,0
481,481,0,0,b4b4afbb0000000016cd247306ecfa14,0000,1,0,0,0000,0,0
482,482,0,0,b2b4aeb100000000f33c510d03ecfc15,0000,1,0,0,0000,0,0
483,483,0,0,afb8adb100000000c0f27f8201ebfe15,0000,1,0,0,0000,0,0
484,484,0,0,b2b0afb200000000adcfaba9ffeb0015,0000,1,0,0,0000,0,0
485,485,0,0,abb3abb0000000006702ef8dfdec0215,0000,1,0,0,0000,0,0
486,486,0,0,afb1afb40000000055571d45fbec0515,0000,1,0,0,0000,0,0
487,487,0,0,b0aeb3aa000000004ee251b7f9ec0714,0000,1,0,0,0000,0,0
488,488,0,0,aeb4b3b20000000057ae430df7ed0914,0000,1,0,0,0000,0,0
489,489,0,0,afa9acb10000000061b64c08f5ee0b13,0000,1,0,0,0000,0,0
490,490,0,0,acabadb400000000a6e114e9f3ef0d11,0000,1,0,0,0000,0,0
491,491,0,0,b2b8acab00000000084dd684f2f10e10,0000,1,0,0,0000,0,0
492,492,0,0,acafabb10000000098de590df0f2100f,0000,1,0,0,0000,0,0
493,493,0,0,b7acabb0000000005597ba67eff4110d,0000,1,0,0,0000,0,0
494,494,0,0,b2aab2ad00000000327ee39deef6120b,0000,1,0,0,0000,0,0
495,495,0,0,b1b4acb9000000005a79e2bcedf81309,0000,1,0,0,0000,0,0
496,496,0,0,b6aeb3b1000000009d93b0cbecfa1407,0000,1,0,0,0000,0,0
497,497,0,0,adacb4b10000000015ce22aaecfc1505,0000,1,0,0,0000,0,0
498,498,0,0,acb3ada900000000e1f47e84ebfe1503,0000,1,0,0,0000,0,0
499,499,0,0,b0b6adae00000000d52f9451eb011501,0000,1,0,0,0000,0,0
500,500,0,0,b9b0b4b100000000046b752cec0315ff,0000,1,0,0,0000,0,0
501,501,0,0,acadb2b6000000006c931a0cec0515fd,0000,1,0,0,0000,0,0
502,502,0,0,b3b4aab30000000011b48ae3ed0714fa,0000,1,0,0,0000,0,0
503,503,0,0,b5a9b1b100000000ddc2cad4ed0913f8,0000,1,0,0,0000,0,0
504,504,0,0,afb4abaa0000000000a8c0e2ef0b12f6,0000,1,0,0,0000,0,0
505,505,0,0,adb1acb1000000003c859c11f00d11f5,0000,1,0,0,0000,0,0
506,506,0,0,b5b4acb400000000ae212e50f10f10f3,0000,1,0,0,0000,0,0
507,507,0,0,acabb3b30000000053a1acb5f3100ef1,0000,1,0,0,0000,0,0
508,508,0,0,b3b0a9a80000000014f2f44af5110cf0,0000,1,0,0,0000,0,0
509,509,0,0,b1b3b3b300000000f51f230bf6130bef,0000,1,0,0,0000,0,0
510,510,0,0,b1ada9b10000000005143efcf91409ed,0000,1,0,0,0000,0,0
511,511,0,0,b0b5b4b00000000023c71b29fb1407ed,0000,1,0,0,0000,0,0
512,512,0,0,afabafac00000000594dfb84fd1504ec,0000,1,0,0,0000,0,0
513,513,0,0,acb2b1ae000000008b8a0313ff1503ec,0000,1,0,0,0000,0,0
514,514,0,0,abb2a7ac00000000c297cede011500eb,0000,1,0,0,0000,0,0
515,515,0,0,a9b5b7b000000000fc6792db0315feeb,0000,1,0,0,0000,0,0
516,516,0,0,b4b0aeba0000000026047d160615fcec,0000,1,0,0,0000,0,0
517,517,0,0,a7aca8b000000000336a4c8b0814faec,0000,1,0,0,0000,0,0
518,518,0,0,b4a9b4ad000000003f9451410a13f8ed,0000,1,0,0,0000,0,0
519,519,0,0,a8b0acae000000002d845b2b0c12f6ee,0000,1,0,0,0000,0,0
520,520,0,0,b4b0b8b000000000ef498a3d0d11f4ef,0000,1,0,0,0000,0,0
521,521,0,0,b0b2a8ad000000008fd9e8840f0ff2f0,0000,1,0,0,0000,0,0
522,522,0,0,b7ada8b100000000fe585c0c100ef1f2,0000,1,0,0,0000,0,0
523,523,0,0,afafabb100000000569cf6b9120ceff3,0000,1,0,0,0000,0,0
524,524,0,0,b1b0afae0000000060c2bf8d130aeef5,0000,1,0,0,0000,0,0
525,525,0,0,b1b2b1b00000000040cbc16e1408edf7,0000,1,0,0,0000,0,0
526,526,0,0,aab2acab00000000f5bff7791406ecf9,0000,1,0,0,0000,0,0
527,527,0,0,afb8acaf00000000659d5ea31504ecfb,0000,1,0,0,0000,0,0
528,528,0,0,ada7a9af00000000937cfabe1502ebfd,0000,1,0,0,0000,0,0
529,529,0,0,b5b6b6b1000000009248d80c1500eb00,0000,1,0,0,0000,0,0
530,530,0,0,b7b5a7b0000000005026ea3715feeb02,0000,1,0,0,0000,0,0
531,531,0,0,aeb4a8b600000000df08377014fcec04,0000,1,0,0,0000,0,0
532,532,0,0,adb1b3b30000000039e5b59414f9ec06,0000,1,0,0,0000,0,0
533,533,0,0,b1b1b9ad0000000052d880af13f7ed08,0000,1,0,0,0000,0,0
534,534,0,0,adb8a9a7000000003ef86bb012f5ee0a,0000,1,0,0,0000,0,0
535,535,0,0,b5b6b2ab00000000f330949210f4ef0c,0000,1,0,0,0000,0,0
536,536,0,0,b6b3bcb1000000008989e9470ff2f00e,0000,1,0,0,0000,0,0
537,537,0,0,b7adb8af00000000d90573e10df1f20f,0000,1,0,0,0000,0,0
538,538,0,0,bab3b8b2000000001fb7294d0ceff411,0000,1,0,0,0000,0,0
539,539,0,0,b8b7aeb4000000004182f7850aeef512,0000,1,0,0,0000,0,0
540,540,0,0,b5acb1ad00000000459df39908edf713,0000,1,0,0,0000,0,0
541,541,0,0,aeaeb1b20000000027d6066406ecfa14,0000,1,0,0,0000,0,0
542,542,0,0,b5bbb0ad00000000123d320604ecfc15,0000,1,0,0,0000,0,0
543,543,0,0,bbb7b4b400000000e9f5646d01ebfe15,0000,1,0,0,0000,0,0
544,544,0,0,afb4b9af00000000b8d2a995ffeb0015,0000,1,0,0,0000,0,0
545,545,0,0,aeb5b3bc0000000095fbd397fdeb0215,0000,1,0,0,0000,0,0
546,546,0,0,b8b2acb2000000006e55034efbec0515,0000,1,0,0,0000,0,0
547,547,0,0,b1acb3b60000000051e022bdf9ec0714,0000,1,0,0,0000,0,0
548,548,0,0,b6b5adb00000000059b13515f7ed0914,0000,1,0,0,0000,0,0
549,549,0,0,baaeb3b000000000879e2c1cf5ee0b13,0000,1,0,0,0000,0,0
550,550,0,0,b2b2b6b000000000b1d4faedf3ef0c11,0000,1,0,0,0000,0,0
551,551,0,0,b3b1b3b300000000253cb6a7f2f10e10,0000,1,0,0,0000,0,0
552,552,0,0,aeb0abad00000000acda461af0f2100f,0000,1,0,0,0000,0,0
553,553,0,0,b7a9afb3000000006395a98eeff4110d,0000,1,0,0,0000,0,0
554,554,0,0,afadabac000000004675d7c6eef6120b,0000,1,0,0,0000,0,0
555,555,0,0,b1b4aba7000000005a72d7cfedf81309,0000,1,0,0,0000,0,0
556,556,0,0,b3afa9aa00000000a77ea5c9ecfa1407,0000,1,0,0,0000,0,0
557,557,0,0,acaeb1b000000000289824b1ecfc1505,0000,1,0,0,0000,0,0
558,558,0,0,a8b3b1b200000000dbd97f96ebfe1503,0000,1,0,0,0000,0,0
559,559,0,0,adafb5b000000000d703a060eb011501,0000,1,0,0,0000,0,0
560,560,0,0,abb5a3b200000000fd558033eb0315ff,0000,1,0,0,0000,0,0
561,561,0,0,a7abb0b2000000006d762910ec0515fd,0000,1,0,0,0000,0,0
562,562,0,0,b4aaa5a8000000000b9b8ff6ed0714fa,0000,1,0,0,0000,0,0
563,563,0,0,ada9a9af00000000eab8c7f4ed0913f8,0000,1,0,0,0000,0,0
564,564,0,0,afb0a7b000000000f69ac8faee0b12f6,0000,1,0,0,0000,0,0
565,565,0,0,abadaab2000000003371a71ef00d11f5,0000,1,0,0,0000,0,0
566,566,0,0,aeb3b1ab00000000a41c445af10f10f3,0000,1,0,0,0000,0,0
567,567,0,0,b0b6b3ab00000000389eafc6f3100ef1,0000,1,0,0,0000,0,0
568,568,0,0,acb4b0aa0000000006e8005cf5110df0,0000,1,0,0,0000,0,0
569,569,0,0,b7b0a9b200000000f3143e17f6130bef,0000,1,0,0,0000,0,0
570,570,0,0,b0b4bab300000000ed0b4e02f81409ee,0000,1,0,0,0000,0,0
571,571,0,0,b4adabb90000000016c33e33fb1407ed,0000,1,0,0,0000,0,0
572,572,0,0,b7aaaeaf000000003f482f81fd1505ec,0000,1,0,0,0000,0,0
573,573,0,0,b2b0b0b300000000768d0e15ff1503ec,0000,1,0,0,0000,0,0
574,574,0,0,a9b0b0b300000000ab99d5de011500eb,0000,1,0,0,0000,0,0
575,575,0,0,aab2b2b200000000e877adde0315feeb,0000,1,0,0,0000,0,0
576,576,0,0,b7afa5af0000000011027f100615fcec,0000,1,0,0,0000,0,0
577,577,0,0,aeb2afb000000000206a61870814faec,0000,1,0,0,0000,0,0
578,578,0,0,b0b1b0b200000000249d64330a13f8ed,0000,1,0,0,0000,0,0
579,579,0,0,b3aeb3b40000000013937b170c12f6ee,0000,1,0,0,0000,0,0
580,580,0,0,adb2b1b900000000ed57aa320d11f4ef,0000,1,0,0,0000,0,0
581,581,0,0,b1b5a8b10000000092f2ed840f0ff2f0,0000,1,0,0,0000,0,0
582,582,0,0,aab5b2b400000000fc5673ee100ef1f1,0000,1,0,0,0000,0,0
583,583,0,0,b3b2b3b10000000034a504a7120cf0f3,0000,1,0,0,0000,0,0
584,584,0,0,aeb2afb90000000056e2ca75130aeef5,0000,1,0,0,0000,0,0
585,585,0,0,b3b1b6b10000000041d6c3601408edf7,0000,1,0,0,0000,0,0
586,586,0,0,b1b2afb200000000e9de02631406edf9,0000,1,0,0,0000,0,0
587,587,0,0,b5b0abb80000000061bd5b891504ecfb,0000,1,0,0,0000,0,0
588,588,0,0,abb0b2b1000000009883fab91502ebfd,0000,1,0,0,0000,0,0
589,589,0,0,b1b2afb6000000009c67e0d81500ebff,0000,1,0,0,0000,0,0
590,590,0,0,aab1b1a9000000005343e12415feeb02,0000,1,0,0,0000,0,0
591,591,0,0,aeafadaf00000000ee0f2a5514fcec04,0000,1,0,0,0000,0,0
592,592,0,0,adadaab10000000049f8a77814f9ec06,0000,1,0,0,0000,0,0
593,593,0,0,aeb1b0aa000000005cf7679613f7ed08,0000,1,0,0,0000,0,0
594,594,0,0,adb9b0b10000000044095c9412f6ee0a,0000,1,0,0,0000,0,0
595,595,0,0,b1b4b5b2000000000353868d11f4ef0c,0000,1,0,0,0000,0,0
596,596,0,0,b8b2afad000000008f98ea3e0ff2f00e,0000,1,0,0,0000,0,0
597,597,0,0,b5b4adb300000000f51568d30df1f20f,0000,1,0,0,0000,0,0
598,598,0,0,b3b3aeac0000000034bf0e430ceff411,0000,1,0,0,0000,0,0
599,599,0,0,b2b4b6b200000000479ef0840aeef512,0000,1,0,0,0000,0,0
600,600,0,0,b7b1b2b6000000005c9de19208edf713,0000,1,0,0,0000,0,0
601,601,0,0,b2b4acac000000004bd4eb6806ecf914,0000,1,0,0,0000,0,0
602,602,0,0,b3b5b0b4000000002c4b1eff04ecfc14,0000,1,0,0,0000,0,0
603,603,0,0,b1b0b5ab000000000bf3457b02ebfe15,0000,1,0,0,0000,0,0
604,604,0,0,b9b7b6b000000000e0cd8e9dffeb0015,0000,1,0,0,0000,0,0
605,605,0,0,b1aeb1b300000000a6f6c389fdeb0215,0000,1,0,0,0000,0,0
606,606,0,0,aeafb0b1000000008437f34bfbec0415,0000,1,0,0,0000,0,0
607,607,0,0,b0b3acae000000007bdb11cdf9ec0714,0000,1,0,0,0000,0,0
608,608,0,0,aeb2b4b5000000007e9c2415f7ed0914,0000,1,0,0,0000,0,0
609,609,0,0,a8b0afb50000000087921914f5ee0b13,0000,1,0,0,0000,0,0
610,610,0,0,b2afaeae00000000d5c9f2fdf3ef0c11,0000,1,0,0,0000,0,0
611,611,0,0,b5b1b1b200000000312ba9b4f2f10e10,0000,1,0,0,0000,0,0
612,612,0,0,acafafb200000000afba3b35f0f2100f,0000,1,0,0,0000,0,0
613,613,0,0,b0b0b4ac000000007672a39ceff4110d,0000,1,0,0,0000,0,0
614,614,0,0,a6b3acb1000000004b58dbd7eef6120b,0000,1,0,0,0000,0,0
615,615,0,0,aeb4abb000000000654ed4e9edf81309,0000,1,0,0,0000,0,0
616,616,0,0,afb4adae00000000a66984f3ecfa1407,0000,1,0,0,0000,0,0
617,617,0,0,b3b1acb200000000288c23c8ecfc1505,0000,1,0,0,0000,0,0
618,618,0,0,b9a5b0b900000000edbc7eacebfe1503,0000,1,0,0,0000,0,0
619,619,0,0,adb7b5ac00000000e4009f85eb011501,0000,1,0,0,0000,0,0
620,620,0,0,afb3b1b100000000fe2a7e5eeb0315ff,0000,1,0,0,0000,0,0
621,621,0,0,abb0b6af00000000645e253aec0515fd,0000,1,0,0,0000,0,0
622,622,0,0,b2b1aeb40000000001799b23ed0714fb,0000,1,0,0,0000,0,0
623,623,0,0,aeb0bab000000000d589da0ced0913f9,0000,1,0,0,0000,0,0
624,624,0,0,afb3b2b900000000d282d508ee0b12f7,0000,1,0,0,0000,0,0
625,625,0,0,b1b5b3b400000000264eb22df00d11f5,0000,1,0,0,0000,0,0
626,626,0,0,aeb3acb900000000900b557ef10f10f3,0000,1,0,0,0000,0,0
627,627,0,0,acaab2b300000000358dd2d4f3100ef1,0000,1,0,0,0000,0,0
628,628,0,0,b3aeaeb800000000ebd92073f4110df0,0000,1,0,0,0000,0,0
629,629,0,0,b1abb6b300000000d90b5d2cf6130bef,0000,1,0,0,0000,0,0
630,630,0,0,acb0b0a900000000dcfa5d1df81309ee,0000,1,0,0,0000,0,0
631,631,0,0,aeb4b4b50000000000ba623dfb1407ed,0000,1,0,0,0000,0,0
632,632,0,0,abacaab700000000253c4b84fd1505ec,0000,1,0,0,0000,0,0
633,633,0,0,a9adb1bb000000004e901c1bff1503ec,0000,1,0,0,0000,0,0
634,634,0,0,b3b2adb6000000008e94f6e0011500eb,0000,1,0,0,0000,0,0
635,635,0,0,b2b1b5b600000000c96dcedc0315feeb,0000,1,0,0,0000,0,0
636,636,0,0,b2b1b1b100000000f112a1120515fcec,0000,1,0,0,0000,0,0
637,637,0,0,b6b2b7b300000000108478840814faec,0000,1,0,0,0000,0,0
638,638,0,0,b0b6afaf000000000d9c822d0a13f8ed,0000,1,0,0,0000,0,0
639,639,0,0,acb1afb30000000007a3930b0c12f6ee,0000,1,0,0,0000,0,0
640,640,0,0,adb6aeb200000000c568bf240d11f4ef,0000,1,0,0,0000,0,0
641,641,0,0,b4b3aea600000000740003720f10f3f0,0000,1,0,0,0000,0,0
642,642,0,0,b1b6b8b300000000ee7c6bf0100ef1f1,0000,1,0,0,0000,0,0
643,643,0,0,b1b6aeb3000000002fbf0696120cf0f3,0000,1,0,0,0000,0,0
644,644,0,0,b7afb5b00000000057dcda5c130aeef5,0000,1,0,0,0000,0,0
645,645,0,0,b4afafb7000000003be6d8441408edf7,0000,1,0,0,0000,0,0
646,646,0,0,b2adaba800000000e8e10a4f1406edf9,0000,1,0,0,0000,0,0
647,647,0,0,b6b0b3b1000000004ed26c6f1504ecfb,0000,1,0,0,0000,0,0
648,648,0,0,b4b2afa9000000008eac009c1502ecfd,0000,1,0,0,0000,0,0
649,649,0,0,b5afb0b2000000009189dedd1500ebff,0000,1,0,0,0000,0,0
650,650,0,0,abadafb0000000005e4eec1e15feeb02,0000,1,0,0,0000,0,0
651,651,0,0,aaaeb8ae00000000f621305a14fcec04,0000,1,0,0,0000,0,0
652,652,0,0,b5b1adaa000000004414ac5f14faec06,0000,1,0,0,0000,0,0
653,653,0,0,adb3b2ab000000006915618513f8ed08,0000,1,0,0,0000,0,0
654,654,0,0,a8b1aaac0000000052294c7c12f6ee0a,0000,1,0,0,0000,0,0
655,655,0,0,abafaeb400000000054b765e11f4ef0c,0000,1,0,0,0000,0,0
656,656,0,0,aeb7adaa0000000095a6d3220ff2f00e,0000,1,0,0,0000,0,0
657,657,0,0,b5b3b4b000000000003045c10ef1f20f,0000,1,0,0,0000,0,0
658,658,0,0,b6bdacb10000000055d0052f0ceff411,0000,1,0,0,0000,0,0
659,659,0,0,b2b3adaf000000005e9fd1680aeef512,0000,1,0,0,0000,0,0
660,660,0,0,b3acb3b600000000619ed17c08edf713,0000,1,0,0,0000,0,0
661,661,0,0,afb2adb3000000005ce3d15806ecf914,0000,1,0,0,0000,0,0
662,662,0,0,b1b6b4b500000000484703fd04ecfc14,0000,1,0,0,0000,0,0
663,663,0,0,abb0b2b3000000000af2345902ebfe15,0000,1,0,0,0000,0,0
664,664,0,0,aab0b0b300000000e5da58a0ffeb0015,0000,1,0,0,0000,0,0
665,665,0,0,a5aaabad00000000d2ef9c8cfdeb0215,0000,1,0,0,0000,0,0
666,666,0,0,aeaaadae000000009e3bcb4ffbec0415,0000,1,0,0,0000,0,0
667,667,0,0,b0acb1ab0000000091c9f8c7f9ec0614,0000,1,0,0,0000,0,0
668,668,0,0,b3b2aeb0000000008c8b1017f7ed0914,0000,1,0,0,0000,0,0
669,669,0,0,adadb0b300000000a2890535f5ee0b13,0000,1,0,0,0000,0,0
670,670,0,0,afb2afae00000000e9bee516f3ef0c12,0000,1,0,0,0000,0,0
671,671,0,0,afb0b2b6000000003d298ccbf2f10e10,0000,1,0,0,0000,0,0
672,672,0,0,acb7b2b000000000c5a7273ff0f2100f,0000,1,0,0,0000,0,0
673,673,0,0,b3aea5b300000000855195a6eff4110d,0000,1,0,0,0000,0,0
674,674,0,0,b4b2aeaf000000005a35c9ebeef6120b,0000,1,0,0,0000,0,0
675,675,0,0,abbaaeb4000000006d2bcf07edf8130a,0000,1,0,0,0000,0,0
676,676,0,0,b0aaaaac00000000b34e9b08ecfa1408,0000,1,0,0,0000,0,0
677,677,0,0,ababb0b100000000417421f3ecfc1505,0000,1,0,0,0000,0,0
678,678,0,0,afacadb200000000ddb282d1ebfe1503,0000,1,0,0,0000,0,0
679,679,0,0,adb2b3b300000000cce5a4a8eb001501,0000,1,0,0,0000,0,0
680,680,0,0,b2b3bab6000000000b118d83ec0315ff,0000,1,0,0,0000,0,0
681,681,0,0,adabb0b10000000060543641ec0515fd,0000,1,0,0,0000,0,0
682,682,0,0,a9b0adaf00000000f55a962bec0714fb,0000,1,0,0,0000,0,0
683,683,0,0,adb1abb400000000cb74ec17ed0913f9,0000,1,0,0,0000,0,0
684,684,0,0,abb3afb100000000cf6bf719ee0b12f7,0000,1,0,0,0000,0,0
685,685,0,0,aeb0aaad000000000c48b83ef00d11f5,0000,1,0,0,0000,0,0
686,686,0,0,abb3a9af0000000071eb6184f10e10f3,0000,1,0,0,0000,0,0
687,687,0,0,afb7aeac000000001975e2f4f3100ef1,0000,1,0,0,0000,0,0
688,688,0,0,a4acb1b100000000d0d03186f4110df0,0000,1,0,0,0000,0,0
689,689,0,0,a9b0a6b300000000bcfd6842f6120bef,0000,1,0,0,0000,0,0
690,690,0,0,abb3b1b100000000c8ed861ff81309ee,0000,1,0,0,0000,0,0
691,691,0,0,acabb5ba00000000eaaa7440fa1407ed,0000,1,0,0,0000,0,0
692,692,0,0,b1b4b1b5000000000a355790fd1505ec,0000,1,0,0,0000,0,0
693,693,0,0,b3b8b1af000000003686361aff1503ec,0000,1,0,0,0000,0,0
694,694,0,0,b4b1b6ae00000000769c02d5011501eb,0000,1,0,0,0000,0,0
695,695,0,0,b3b9b4b400000000a37ad9d40315feeb,0000,1,0,0,0000,0,0
696,696,0,0,b4abb6b400000000d623ad130515fcec,0000,1,0,0,0000,0,0
697,697,0,0,aab3a9b100000000fe7e9c830714faec,0000,1,0,0,0000,0,0
698,698,0,0,b1b6adb000000000f8af96260913f8ed,0000,1,0,0,0000,0,0
699,699,0,0,aeb3b4af00000000ecb1a4fb0b12f6ed,0000,1,0,0,0000,0,0
700,700,0,0,b1b1b0ae00000000c077dc1f0d11f4ef,0000,1,0,0,0000,0,0
701,701,0,0,aab6b1ae000000004a150f580f10f3f0,0000,1,0,0,0000,0,0
702,702,0,0,a9b2b0ac00000000db8b85d2100ef1f1,0000,1,0,0,0000,0,0
703,703,0,0,aeafacb10000000024d62a7e120cf0f3,0000,1,0,0,0000,0,0
704,704,0,0,aab3afae000000003700eb35130beef5,0000,1,0,0,0000,0,0
705,705,0,0,adb1b3ab000000001f0add271409edf7,0000,1,0,0,0000,0,0
706,706,0,0,a6aeaeb100000000d8f404431406edf9,0000,1,0,0,0000,0,0
707,707,0,0,afaeb1a90000000058ea714e1504ecfb,0000,1,0,0,0000,0,0
708,708,0,0,a9b0b2a90000000093cb04891502ecfd,0000,1,0,0,0000,0,0
709,709,0,0,b3b2acb5000000007fa0d8c41500ebff,0000,1,0,0,0000,0,0
710,710,0,0,abb4abae000000005862e0ef15feeb01,0000,1,0,0,0000,0,0
711,711,0,0,afaba4b200000000e934222214fcec04,0000,1,0,0,0000,0,0
712,712,0,0,a9adb0ab000000005126a84114faec06,0000,1,0,0,0000,0,0
713,713,0,0,a6b1b7af000000006b23575d13f8ed08,0000,1,0,0,0000,0,0
714,714,0,0,afb6b2ae000000005445396912f6ee0a,0000,1,0,0,0000,0,0
715,715,0,0,b3a6b0af00000000206b664b11f4ef0c,0000,1,0,0,0000,0,0
716,716,0,0,aeaeb0b000000000bab9bc140ff2f00e,0000,1,0,0,0000,0,0
717,717,0,0,a9afb0ae000000000f3545b30ef1f20f,0000,1,0,0,0000,0,0
718,718,0,0,abb4b1af000000005bd9ea2a0ceff311,0000,1,0,0,0000,0,0
719,719,0,0,b9adb9ac000000007eacc05e0aeef512,0000,1,0,0,0000,0,0
720,720,0,0,b1b0b0af0000000080aeab6908edf713,0000,1,0,0,0000,0,0
721,721,0,0,b0b1aab10000000076e4b44a06ecf914,0000,1,0,0,0000,0,0
722,722,0,0,b0adb2b3000000005755e2f704ecfb14,0000,1,0,0,0000,0,0
723,723,0,0,afb0a4b50000000033f9096402ebfe15,0000,1,0,0,0000,0,0
724,724,0,0,abb0abb20000000009df499f00eb0015,0000,1,0,0,0000,0,0
725,725,0,0,a4abaea300000000dfee8395fdeb0215,0000,1,0,0,0000,0,0
726,726,0,0,a7aeaeae00000000ab34b94bfbec0415,0000,1,0,0,0000,0,0
727,727,0,0,a5a7acb000000000a1beded5f9ec0614,0000,1,0,0,0000,0,0
728,728,0,0,b0b1a1ab000000009881f919f7ed0814,0000,1,0,0,0000,0,0
729,729,0,0,b2aab4a800000000b883eb3df5ee0a13,0000,1,0,0,0000,0,0
730,730,0,0,b1afa7af00000000eea3c825f3ef0c12,0000,1,0,0,0000,0,0
731,731,0,0,b2b7afae00000000460978d6f2f10e10,0000,1,0,0,0000,0,0
732,732,0,0,aeaeb0b300000000c78a0c65f0f2100f,0000,1,0,0,0000,0,0
733,733,0,0,aab2adb2000000008a508cc3eff4110d,0000,1,0,0,0000,0,0
734,734,0,0,b0afa9b0000000006426b0f3eef6120b,0000,1,0,0,0000,0,0
735,735,0,0,aeabb3b1000000007f2cb408edf8130a,0000,1,0,0,0000,0,0
736,736,0,0,b0afb0ad00000000b5318611ecfa1408,0000,1,0,0,0000,0,0
737,737,0,0,b3b3b5b2000000002c6e160becfc1506,0000,1,0,0,0000,0,0
738,738,0,0,aeb4b6ad00000000e69378d5ebfe1503,0000,1,0,0,0000,0,0
739,739,0,0,b3aeb1b400000000d8c494bceb001501,0000,1,0,0,0000,0,0
740,740,0,0,acb8a8b000000000eff98086eb0215ff,0000,1,0,0,0000,0,0
741,741,0,0,adaeaeae000000005a1f3b5bec0515fd,0000,1,0,0,0000,0,0
742,742,0,0,b4b0b4b300000000f65ea548ec0714fb,0000,1,0,0,0000,0,0
743,743,0,0,afafaea900000000c866ef33ed0913f9,0000,1,0,0,0000,0,0
744,744,0,0,aab2b3b200000000c557eb3bee0b12f7,0000,1,0,0,0000,0,0
745,745,0,0,b2b5a8b5000000000c21c752f00d11f5,0000,1,0,0,0000,0,0
746,746,0,0,aeadb0b2000000006ae8809af10e10f3,0000,1,0,0,0000,0,0
747,747,0,0,afb4abaf000000000664f5f9f3100ef1,0000,1,0,0,0000,0,0
748,748,0,0,adb3b0b000000000cbb24e8ff4110df0,0000,1,0,0,0000,0,0
749,749,0,0,adafb1a900000000a6e86a38f6120bef,0000,1,0,0,0000,0,0
750,750,0,0,a9acaeb000000000a9ec8f2ef81309ee,0000,1,0,0,0000,0,0
751,751,0,0,b6b7a8b300000000c6b28949fa1407ed,0000,1,0,0,0000,0,0
752,752,0,0,a8b1b0b400000000e6366ba1fc1505ec,0000,1,0,0,0000,0,0
753,753,0,0,adb5acb100000000288a4f23ff1503ec,0000,1,0,0,0000,0,0
754,754,0,0,aca8b3b1000000006a991fe4011501eb,0000,1,0,0,0000,0,0
755,755,0,0,acb0b6b5000000009c7cfce00315feeb,0000,1,0,0,0000,0,0
756,756,0,0,ada8afae00000000c416c3050515fcec,0000,1,0,0,0000,0,0
757,757,0,0,afb0a9af00000000e284b17c0714faec,0000,1,0,0,0000,0,0
758,758,0,0,b7a9a9b300000000e5b8a71a0913f8ed,0000,1,0,0,0000,0,0
759,759,0,0,afaaaaab00000000ddc1beeb0b12f6ed,0000,1,0,0,0000,0,0
760,760,0,0,b2b5b1ad00000000a77ee50b0d11f4ef,0000,1,0,0,0000,0,0
761,761,0,0,abb3aeb80000000046271b460f10f3f0,0000,1,0,0,0000,0,0
762,762,0,0,aeb3b3b200000000c48b8eba100ef1f1,0000,1,0,0,0000,0,0
763,763,0,0,aab0adb20000000016d82e68120cf0f3,0000,1,0,0,0000,0,0
764,764,0,0,b3b4acad00000000311bee1b130beef5,0000,1,0,0,0000,0,0
765,765,0,0,b4b2aeb300000000202eed131409edf7,0000,1,0,0,0000,0,0
766,766,0,0,b4aeafb700000000d2211f201407edf9,0000,1,0,0,0000,0,0
767,767,0,0,a9afb6af000000004905703d1505ecfb,0000,1,0,0,0000,0,0
768,768,0,0,aaacb4b40000000099e6136c1502ecfd,0000,1,0,0,0000,0,0
769,769,0,0,aaacb4af0000000096afcdab1500ebff,0000,1,0,0,0000,0,0
770,770,0,0,aeacb2ad000000005f7edbd515feeb01,0000,1,0,0,0000,0,0
771,771,0,0,b3b2b4b900000000ec642e0814fcec04,0000,1,0,0,0000,0,0
772,772,0,0,b4afb0ac000000005644a63214faec06,0000,1,0,0,0000,0,0
773,773,0,0,b5afb4ab000000008140474513f8ed08,0000,1,0,0,0000,0,0
774,774,0,0,b0afb5a900000000665c325c12f6ee0a,0000,1,0,0,0000,0,0
775,775,0,0,afaaaead00000000277c613b11f4ef0c,0000,1,0,0,0000,0,0
776,776,0,0,b1b4b7b900000000cbe3ae050ff2f00e,0000,1,0,0,0000,0,0
777,777,0,0,aea5b1b500000000304b319e0ef1f20f,0000,1,0,0,0000,0,0
778,778,0,0,afaab2b3000000006fe6d30d0ceff311,0000,1,0,0,0000,0,0
779,779,0,0,a8b3afb00000000096beab550aeef512,0000,1,0,0,0000,0,0
780,780,0,0,a9b5abb200000000a3c5946608edf713,0000,1,0,0,0000,0,0
781,781,0,0,aeb5aead000000008fe89e5206ecf914,0000,1,0,0,0000,0,0
782,782,0,0,adb2a7ad000000006d5acdf504ecfb14,0000,1,0,0,0000,0,0
783,783,0,0,b2ada8ab0000000049fef85e02ebfd15,0000,1,0,0,0000,0,0
784,784,0,0,aba7aeb00000000020d9369900eb0015,0000,1,0,0,0000,0,0
785,785,0,0,acafa4b200000000ebe4728afdeb0215,0000,1,0,0,0000,0,0
786,786,0,0,b1a7aba800000000d13b9f4ffbec0415,0000,1,0,0,0000,0,0
787,787,0,0,a7abb2ad00000000b6bbcfe0f9ec0614,0000,1,0,0,0000,0,0
788,788,0,0,b2adb3ae00000000ba79df32f7ed0814,0000,1,0,0,0000,0,0
789,789,0,0,a9b0b0b400000000d272d543f5ee0a13,0000,1,0,0,0000,0,0
790,790,0,0,b4aaadb5000000000ba0b925f4ef0c12,0000,1,0,0,0000,0,0
791,791,0,0,b5ada7aa0000000066f273e4f2f00e10,0000,1,0,0,0000,0,0
792,792,0,0,acb0a5ae00000000eb7f0d72f0f2100f,0000,1,0,0,0000,0,0
793,793,0,0,abadaaab00000000972c6fdfeff4110d,0000,1,0,0,0000,0,0
794,794,0,0,adb5b5ae000000006f17a60ceef6120c,0000,1,0,0,0000,0,0
795,795,0,0,afa4a6ab00000000940cb52aedf8130a,0000,1,0,0,0000,0,0
796,796,0,0,b0aea8ad00000000c4217f34ecfa1408,0000,1,0,0,0000,0,0
797,797,0,0,b1b1b0ae00000000423e1711ecfc1506,0000,1,0,0,0000,0,0
798,798,0,0,adaaabad00000000e9797af6ebfe1503,0000,1,0,0,0000,0,0
799,799,0,0,aea6b1b000000000d2b19fcfeb001501,0000,1,0,0,0000,0,0
800,800,0,0,b1aaa5af00000000ffdf89a1eb0215ff,0000,1,0,0,0000,0,0
801,801,0,0,b1a9acb000000000560f337bec0515fd,0000,1,0,0,0000,0,0
802,802,0,0,abadaab000000000e235ba4dec0714fb,0000,1,0,0,0000,0,0
803,803,0,0,a8aeb3b500000000b44cf143ed0913f9,0000,1,0,0,0000,0,0
804,804,0,0,aab4afb700000000b93c0750ee0b13f7,0000,1,0,0,0000,0,0
805,805,0,0,b0acb2b900000000f426d07aef0d11f5,0000,1,0,0,0000,0,0
806,806,0,0,adb4b7ac0000000066ca81acf10e10f3,0000,1,0,0,0000,0,0
807,807,0,0,aaaba5b400000000055b0617f3100ff2,0000,1,0,0,0000,0,0
808,808,0,0,abb4a8a900000000aeac5e98f4110df0,0000,1,0,0,0000,0,0
809,809,0,0,adb0acb7000000008be5915bf6120bef,0000,1,0,0,0000,0,0
810,810,0,0,b3aeb6b20000000096eaac40f81309ee,0000,1,0,0,0000,0,0
811,811,0,0,afababb400000000b89ba255fa1407ed,0000,1,0,0,0000,0,0
812,812,0,0,aeafabb000000000dc298098fc1505ec,0000,1,0,0,0000,0,0
813,813,0,0,adaeaeaf00000000087d7520ff1503ec,0000,1,0,0,0000,0,0
814,814,0,0,afafb1ac000000003a9235dd011501eb,0000,1,0,0,0000,0,0
815,815,0,0,aeadb2b3000000007b8010dd0315ffeb,0000,1,0,0,0000,0,0
816,816,0,0,aeacaeb200000000b01df6120515fcec,0000,1,0,0,0000,0,0
817,817,0,0,adb1abb000000000c694c7630714faec,0000,1,0,0,0000,0,0
818,818,0,0,b3afb2af00000000cec3c00a0913f8ed,0000,1,0,0,0000,0,0
819,819,0,0,b2b4b7b200000000bacacae50b12f6ed,0000,1,0,0,0000,0,0
820,820,0,0,a5aeafad000000008c8fe7f40d11f4ee,0000,1,0,0,0000,0,0
821,821,0,0,adabacb40000000041314a350f10f3f0,0000,1,0,0,0000,0,0
822,822,0,0,b0abb4a700000000baabaebf100ef1f1,0000,1,0,0,0000,0,0
823,823,0,0,aba6aeaa000000000cf7393f120cf0f3,0000,1,0,0,0000,0,0
824,824,0,0,adb2a9b400000000232c0216130beff5,0000,1,0,0,0000,0,0
825,825,0,0,acbaa7aa000000001034ee0c1409edf7,0000,1,0,0,0000,0,0
826,826,0,0,aaa9aab400000000ce2e21091407edf9,0000,1,0,0,0000,0,0
827,827,0,0,acb5acb3000000004c23791f1505ecfb,0000,1,0,0,0000,0,0
828,828,0,0,b2a7b2af0000000094f410421502ecfd,0000,1,0,0,0000,0,0
829,829,0,0,afabaeaf00000000a1bcdc821500ebff,0000,1,0,0,0000,0,0
830,830,0,0,a5b3b3af000000006595dfb315feeb01,0000,1,0,0,0000,0,0
831,831,0,0,a9b3a7b300000000037517f715fcec03,0000,1,0,0,0000,0,0
832,832,0,0,aca9a7b3000000005a66991614faec06,0000,1,0,0,0000,0,0
833,833,0,0,a3b0aeab00000000784f4a3213f8ed08,0000,1,0,0,0000,0,0
834,834,0,0,afb3a4ab000000007361274b12f6ee0a,0000,1,0,0,0000,0,0
835,835,0,0,acb6abae00000000439a523111f4ef0c,0000,1,0,0,0000,0,0
836,836,0,0,adabadac00000000d6d896f30ff2f00d,0000,1,0,0,0000,0,0
837,837,0,0,b0b0b1b000000000355519930ef1f20f,0000,1,0,0,0000,0,0
838,838,0,0,abb1aab4000000007dedc5f80ceff310,0000,1,0,0,0000,0,0
839,839,0,0,aeb4abb400000000a9c691440aeef512,0000,1,0,0,0000,0,0
840,840,0,0,aab4a7a900000000b5bf875a08edf713,0000,1,0,0,0000,0,0
841,841,0,0,b3a8afb100000000a4e78e3f06ecf914,0000,1,0,0,0000,0,0
842,842,0,0,acb2a9aa000000009355bde604ecfb14,0000,1,0,0,0000,0,0
843,843,0,0,a9aeaaad0000000063fddf6102ebfd15,0000,1,0,0,0000,0,0
844,844,0,0,abb2adaf0000000044cf1e9900eb0015,0000,1,0,0,0000,0,0
845,845,0,0,b1b2a9ac000000000ef15694feeb0215,0000,1,0,0,0000,0,0
846,846,0,0,aea6abae00000000d82f8262fbec0415,0000,1,0,0,0000,0,0
847,847,0,0,afa7b6a800000000ccafa3e5f9ec0614,0000,1,0,0,0000,0,0
848,848,0,0,b2adb0ad00000000c97aba3ef7ed0814,0000,1,0,0,0000,0,0
849,849,0,0,a9aaa8ae00000000ef66c748f5ee0a13,0000,1,0,0,0000,0,0
850,850,0,0,aab0b3b1000000000b9a9639f4ef0c12,0000,1,0,0,0000,0,0
851,851,0,0,a8afafb30000000076e664eaf2f00e10,0000,1,0,0,0000,0,0
852,852,0,0,ababaab500000000fc69f07af0f20f0f,0000,1,0,0,0000,0,0
853,853,0,0,aeabb0ac00000000ac2b5edfeff4110d,0000,1,0,0,0000,0,0
854,854,0,0,b2adb3ab000000007ef89e23eef5120c,0000,1,0,0,0000,0,0
855,855,0,0,afb1aeb30000000090fea645edf7130a,0000,1,0,0,0000,0,0
856,856,0,0,abb1acb400000000d0076846ecfa1408,0000,1,0,0,0000,0,0
857,857,0,0,b0afb4b30000000039310e30ecfc1506,0000,1,0,0,0000,0,0
858,858,0,0,b2b0b3b400000000e751680cebfe1504,0000,1,0,0,0000,0,0
859,859,0,0,afaeb2b300000000ce9097f0eb001501,0000,1,0,0,0000,0,0
860,860,0,0,a8aeaeae00000000edd291b5eb0215ff,0000,1,0,0,0000,0,0
861,861,0,0,b1adb4af000000004ff33b8dec0415fd,0000,1,0,0,0000,0,0
862,862,0,0,acb5b0aa00000000d624bc71ec0714fb,0000,1,0,0,0000,0,0
863,863,0,0,b1acb6ac00000000a03df86eed0913f9,0000,1,0,0,0000,0,0
864,864,0,0,adafadb500000000ad211074ee0b13f7,0000,1,0,0,0000,0,0
865,865,0,0,aab1aaad00000000deffed7cef0c11f5,0000,1,0,0,0000,0,0
866,866,0,0,b0b0b8b3000000004ab8a2ccf10e10f3,0000,1,0,0,0000,0,0
867,867,0,0,b1b3b6ab00000000e5450f18f2100ff2,0000,1,0,0,0000,0,0
868,868,0,0,b0b3adb5000000009ea273a6f4110df0,0000,1,0,0,0000,0,0
869,869,0,0,b3b4b0b10000000074daab64f6120bef,0000,1,0,0,0000,0,0
870,870,0,0,b1b4b0b70000000078cdb540f81309ee,0000,1,0,0,0000,0,0
871,871,0,0,adb4b2b3000000009990bb5efa1407ed,0000,1,0,0,0000,0,0
872,872,0,0,acb3b1b200000000ba319fa0fc1505ec,0000,1,0,0,0000,0,0
873,873,0,0,aeaeb2a600000000f36e8227fe1503ec,0000,1,0,0,0000,0,0
874,874,0,0,aeb1b4b00000000031925be2011501eb,0000,1,0,0,0000,0,0
875,875,0,0,a9a9adb200000000648430e30315ffeb,0000,1,0,0,0000,0,0
876,876,0,0,abb0b1a8000000008e22f8070515fcec,0000,1,0,0,0000,0,0
877,877,0,0,aeb0b1b200000000a297d4710714faec,0000,1,0,0,0000,0,0
878,878,0,0,b2b4b1b100000000b5d2c8060913f8ed,0000,1,0,0,0000,0,0
879,879,0,0,b4abb5af00000000a3ccecdc0b12f6ed,0000,1,0,0,0000,0,0
880,880,0,0,afacb0b5000000007fa801f10d11f5ee,0000,1,0,0,0000,0,0
881,881,0,0,b1b0aeb20000000025394f320f10f3f0,0000,1,0,0,0000,0,0
882,882,0,0,aaacabaf00000000a5b9c99b100ef1f1,0000,1,0,0,0000,0,0
883,883,0,0,b3b0b3b500000000f80c453d110df0f3,0000,1,0,0,0000,0,0
884,884,0,0,afb5a5a300000000254c160d130beff5,0000,1,0,0,0000,0,0
885,885,0,0,a7b4afad00000000055304ed1409eef6,0000,1,0,0,0000,0,0
886,886,0,0,ada8b2af00000000c54d24f11407edf8,0000,1,0,0,0000,0,0
887,887,0,0,b0b1b3af000000004825800c1505ecfb,0000,1,0,0,0000,0,0
888,888,0,0,adacacb0000000008eff07301502ecfd,0000,1,0,0,0000,0,0
889,889,0,0,aeaeaead0000000096d7dc631500ebff,0000,1,0,0,0000,0,0
890,890,0,0,a7afaeb1000000005cb6deaa15feeb01,0000,1,0,0,0000,0,0
891,891,0,0,aea6a8b000000000fd841dd514fcec03,0000,1,0,0,0000,0,0
892,892,0,0,a6a8aeae00000000656e83ff14faec05,0000,1,0,0,0000,0,0
893,893,0,0,b1aba6aa000000009268331e13f8ed08,0000,1,0,0,0000,0,0
894,894,0,0,a5aea5b1000000008174363012f6ee0a,0000,1,0,0,0000,0,0
895,895,0,0,a7adabae0000000050aa421011f4ef0c,0000,1,0,0,0000,0,0
896,896,0,0,afb3a5af00000000def194d90ff2f00d,0000,1,0,0,0000,0,0
897,897,0,0,b3acb0a9000000005165086c0ef1f20f,0000,1,0,0,0000,0,0
898,898,0,0,b3b3afb0000000009c07a5fe0cf0f310,0000,1,0,0,0000,0,0
899,899,0,0,afabacaf00000000b9da7d360aeef512,0000,1,0,0,0000,0,0
900,900,0,0,b1b1abb000000000c5c7614f08edf713,0000,1,0,0,0000,0,0
901,901,0,0,a9aca6b000000000b50c7d3306edf914,0000,1,0,0,0000,0,0
902,902,0,0,b1aeadac00000000a964adee04ecfb14,0000,1,0,0,0000,0,0
903,903,0,0,adb0afaf000000007704cd5d02ecfd15,0000,1,0,0,0000,0,0
904,904,0,0,abacadb20000000050d20d8100eb0015,0000,1,0,0,0000,0,0
905,905,0,0,aab5ada90000000016de3e96feeb0215,0000,1,0,0,0000,0,0
906,906,0,0,aeaeb0b600000000f535775afbec0415,0000,1,0,0,0000,0,0
907,907,0,0,aeacacb000000000e9b19be9f9ec0614,0000,1,0,0,0000,0,0
908,908,0,0,acadbbb000000000e46aad38f7ed0814,0000,1,0,0,0000,0,0
909,909,0,0,a8afb0b000000000fa5e9b52f5ee0a13,0000,1,0,0,0000,0,0
910,910,0,0,adb2aab700000000317b8448f4ef0c12,0000,1,0,0,0000,0,0
911,911,0,0,b1a9b5b2000000007ed846f8f2f00e10,0000,1,0,0,0000,0,0
912,912,0,0,aaaeaaad00000000065dec88f1f20f0f,0000,1,0,0,0000,0,0
913,913,0,0,b2b4aeb500000000a7044cf3eff4110d,0000,1,0,0,0000,0,0
914,914,0,0,afaaabac000000008dee9332eef5120c,0000,1,0,0,0000,0,0
915,915,0,0,acb1b3ac0000000096ef9b5eedf7130a,0000,1,0,0,0000,0,0
916,916,0,0,abadaeae00000000d5fa6b5becf91408,0000,1,0,0,0000,0,0
917,917,0,0,aea9abab0000000039160c4aecfc1506,0000,1,0,0,0000,0,0
918,918,0,0,afb1adb100000000ee407035ebfe1504,0000,1,0,0,0000,0,0
919,919,0,0,b0b7adb100000000d3789cfceb001501,0000,1,0,0,0000,0,0
920,920,0,0,b0b1acb300000000e4b28ed3eb0215ff,0000,1,0,0,0000,0,0
921,921,0,0,a8b4a9b20000000044e33fa6ec0415fd,0000,1,0,0,0000,0,0
922,922,0,0,acaab2ad00000000c505c882ec0714fb,0000,1,0,0,0000,0,0
923,923,0,0,b4b5b0b3000000009e2b0881ed0914f9,0000,1,0,0,0000,0,0
924,924,0,0,b1b1b1af0000000091131284ee0b13f7,0000,1,0,0,0000,0,0
925,925,0,0,b4b5b4b900000000dbf4f4a2ef0c11f5,0000,1,0,0,0000,0,0
926,926,0,0,b2a8b0b20000000038a1a3daf10e10f3,0000,1,0,0,0000,0,0
927,927,0,0,b8aaa8ac00000000d3352734f2100ff2,0000,1,0,0,0000,0,0
928,928,0,0,b2b5afb300000000929083b8f4110df0,0000,1,0,0,0000,0,0
929,929,0,0,b2aab4b6000000006ccabe71f6120bef,0000,1,0,0,0000,0,0
930,930,0,0,aeadafb20000000067d9d24bf81309ee,0000,1,0,0,0000,0,0
931,931,0,0,b2b0abac000000007498cb62fa1407ed,0000,1,0,0,0000,0,0
932,932,0,0,a9b3b1b100000000a424baaffc1505ec,0000,1,0,0,0000,0,0
933,933,0,0,aca8b2ac00000000d886a326fe1503ec,0000,1,0,0,0000,0,0
934,934,0,0,b1b2afad0000000017a05bec011501eb,0000,1,0,0,0000,0,0
935,935,0,0,b0abb0b6000000004b844cd90315ffeb,0000,1,0,0,0000,0,0
936,936,0,0,b0b5b1b40000000076341dfd0515fdeb,0000,1,0,0,0000,0,0
937,937,0,0,acaaacb2000000009da3f4710714faec,0000,1,0,0,0000,0,0
938,938,0,0,b3b0afad00000000abdff6030913f8ed,0000,1,0,0,0000,0,0
939,939,0,0,b1adb5a9000000008de303de0b12f7ed,0000,1,0,0,0000,0,0
940,940,0,0,aebdadb30000000071b612e10d11f5ee,0000,1,0,0,0000,0,0
941,941,0,0,b4acaab7000000000a5a5a270f10f3f0,0000,1,0,0,0000,0,0
942,942,0,0,aeb3b6ae0000000099d5d78e100ef1f1,0000,1,0,0,0000,0,0
943,943,0,0,abb5afb100000000f32c611e110df0f3,0000,1,0,0,0000,0,0
944,944,0,0,b1b1aeb2000000001a4f1cf4130beff4,0000,1,0,0,0000,0,0
945,945,0,0,b4afaeac000000000e5d15d61409eef6,0000,1,0,0,0000,0,0
946,946,0,0,b1b7acb100000000bc6b2ed71407edf8,0000,1,0,0,0000,0,0
947,947,0,0,b1b3abaf000000004c5285f91505ecfa,0000,1,0,0,0000,0,0
948,948,0,0,abb6b6b4000000008f2618261503ecfd,0000,1,0,0,0000,0,0
949,949,0,0,afb0b8b1000000009ff4d7501500ebff,0000,1,0,0,0000,0,0
950,950,0,0,b0aeadad0000000067cfe67e15feeb01,0000,1,0,0,0000,0,0
951,951,0,0,b7b6b2b00000000013a71bc315fcec03,0000,1,0,0,0000,0,0
952,952,0,0,aab1aeb400000000708a8ce814faec05,0000,1,0,0,0000,0,0
953,953,0,0,b0aeb1b200000000a8823a1113f8ed08,0000,1,0,0,0000,0,0
954,954,0,0,b7b2aeb5000000008e8a111812f6ee0a,0000,1,0,0,0000,0,0
955,955,0,0,b0b1b2b50000000059b82d0211f4ef0c,0000,1,0,0,0000,0,0
956,956,0,0,b1b3acab00000000f50586c90ff3f00d,0000,1,0,0,0000,0,0
957,957,0,0,adb2aeb400000000636ffa630ef1f10f,0000,1,0,0,0000,0,0
958,958,0,0,b4b5b5b300000000a1119ce80cf0f310,0000,1,0,0,0000,0,0
959,959,0,0,afabb2af00000000d1dc67280aeef512,0000,1,0,0,0000,0,0
960,960,0,0,b5b2a9b300000000dedf4d5108edf713,0000,1,0,0,0000,0,0
961,961,0,0,adb2b1b700000000d8fc5f2906ecf914,0000,1,0,0,0000,0,0
962,962,0,0,adb1adaa00000000b86190e204ecfb14,0000,1,0,0,0000,0,0
963,963,0,0,a9a9b7a900000000920ab35b02ecfd15,0000,1,0,0,0000,0,0
964,964,0,0,b0acaab30000000072daf89000ebff15,0000,1,0,0,0000,0,0
965,965,0,0,a6a9a8b2000000003de0248ffeeb0215,0000,1,0,0,0000,0,0
966,966,0,0,aab1adaa00000000102a6163fcec0415,0000,1,0,0,0000,0,0
967,967,0,0,adb1b3b500000000f3a974f0f9ec0614,0000,1,0,0,0000,0,0
968,968,0,0,aaadafaf00000000f4628f54f7ed0814,0000,1,0,0,0000,0,0
969,969,0,0,a9b5acab000000001b548e69f6ee0a13,0000,1,0,0,0000,0,0
970,970,0,0,b2afb0b500000000436f8152f4ef0c12,0000,1,0,0,0000,0,0
971,971,0,0,ababaca800000000a1c43711f2f00e11,0000,1,0,0,0000,0,0
972,972,0,0,b3a7b3a900000000154acfabf1f20f0f,0000,1,0,0,0000,0,0
973,973,0,0,adaea9b200000000c2f43d00eff3110e,0000,1,0,0,0000,0,0
974,974,0,0,aaadabb0000000009be17749eef5120c,0000,1,0,0,0000,0,0
975,975,0,0,b1acafb100000000a1c7906fedf7130a,0000,1,0,0,0000,0,0
976,976,0,0,b0a7aaaa00000000dbdc6a72ecf91408,0000,1,0,0,0000,0,0
977,977,0,0,a6abacae000000004f010765ecfc1506,0000,1,0,0,0000,0,0
978,978,0,0,afafaab400000000fa277640ebfe1504,0000,1,0,0,0000,0,0
979,979,0,0,afada7af00000000d0609f1beb001502,0000,1,0,0,0000,0,0
980,980,0,0,acb0adb000000000f8a195f3eb0215ff,0000,1,0,0,0000,0,0
981,981,0,0,a8aea6aa0000000042cc48c5ec0415fd,0000,1,0,0,0000,0,0
982,982,0,0,aeadacaf00000000d6f2cb9fec0614fb,0000,1,0,0,0000,0,0
983,983,0,0,b0b6b3ae0000000094092094ed0914f9,0000,1,0,0,0000,0,0
984,984,0,0,b2b9a8b50000000091fa339cee0a13f7,0000,1,0,0,0000,0,0
985,985,0,0,afacb1b100000000c8d9feb0ef0c11f5,0000,1,0,0,0000,0,0
986,986,0,0,aba7b2af000000003887c7e9f10e10f3,0000,1,0,0,0000,0,0
987,987,0,0,abb1b4b000000000c11a2e42f2100ff2,0000,1,0,0,0000,0,0
988,988,0,0,acabb0ac000000006c8a98bff4110df0,0000,1,0,0,0000,0,0
989,989,0,0,b3aea9af0000000059b3d57af6120bef,0000,1,0,0,0000,0,0
990,990,0,0,adaeb5b40000000048ccee59f81309ee,0000,1,0,0,0000,0,0
991,991,0,0,acada6b4000000005e90dd78fa1407ed,0000,1,0,0,0000,0,0
992,992,0,0,abababae00000000941cddbafc1505ec,0000,1,0,0,0000,0,0
993,993,0,0,acb0aeaf00000000c977bc38fe1503ec,0000,1,0,0,0000,0,0
994,994,0,0,adaea9aa00000000f59c8ae2001501eb,0000,1,0,0,0000,0,0
995,995,0,0,aaa9acae000000002c8561d90315ffeb,0000,1,0,0,0000,0,0
996,996,0,0,ada9b1b100000000583933f50515fdeb,0000,1,0,0,0000,0,0
997,997,0,0,adb8acb70000000081990e630714fbec,0000,1,0,0,0000,0,0
998,998,0,0,b2b2b5af0000000096d204f10913f9ec,0000,1,0,0,0000,0,0
999,999,0,0,aeadb3b5000000007eed0ac50b12f7ed,0000,1,0,0,0000,0,0
1000,1000,0,0,b1a6acb10000000054be33c70d11f5ee,0000,1,0,0,0000,0,0
1001,1001,0,0,aaaaa9b200000000055d760d0f10f3f0,0000,1,0,0,0000,0,0
1002,1002,0,0,afaea9aa0000000081cee37a100ef1f1,0000,1,0,0,0000,0,0
1003,1003,0,0,a4b1afab00000000e5326e14110df0f3,0000,1,0,0,0000,0,0
1004,1004,0,0,acb6afb30000000011642fd7130beff4,0000,1,0,0,0000,0,0
1005,1005,0,0,a5acacae00000000f78023b91309eef6,0000,1,0,0,0000,0,0
1006,1006,0,0,b0aab6ab00000000b17334b71407edf8,0000,1,0,0,0000,0,0
1007,1007,0,0,adb3a4b40000000046588dde1505ecfa,0000,1,0,0,0000,0,0
1008,1008,0,0,a8b1a5a6000000008f441f061503ecfd,0000,1,0,0,0000,0,0
1009,1009,0,0,aeacb1ae00000000a10fde331501ebff,0000,1,0,0,0000,0,0
1010,1010,0,0,a6b7adb50000000071eed47615feeb01,0000,1,0,0,0000,0,0
1011,1011,0,0,b3b1acb00000000013bd04a615fcec03,0000,1,0,0,0000,0,0
1012,1012,0,0,b5b2b7b400000000829b83d114faec05,0000,1,0,0,0000,0,0
1013,1013,0,0,acb4b1af00000000a59f2df013f8ed07,0000,1,0,0,0000,0,0
1014,1014,0,0,b3aeb3ac00000000a29b0b0112f6ee0a,0000,1,0,0,0000,0,0
1015,1015,0,0,a9b2a8b00000000071ca23e611f4ef0b,0000,1,0,0,0000,0,0
1016,1016,0,0,acaaaea900000000062066a710f3f00d,0000,1,0,0,0000,0,0
1017,1017,0,0,b0b5afb2000000007b8ce3570ef1f10f,0000,1,0,0,0000,0,0
1018,1018,0,0,abb1a7ae00000000c72182d70cf0f310,0000,1,0,0,0000,0,0
1019,1019,0,0,adb1aeb100000000e7f5572b0aeef512,0000,1,0,0,0000,0,0
1020,1020,0,0,b2b6b1af00000000e9d9443a08edf713,0000,1,0,0,0000,0,0
1021,1021,0,0,a8b6b4af00000000eb14443106edf914,0000,1,0,0,0000,0,0
1022,1022,0,0,b4afb1b000000000d37774d704ecfb14,0000,1,0,0,0000,0,0
1023,1023,0,0,b3adacae00000000a10e925002ecfd15,0000,1,0,0,0000,0,0
